Continente,País,Consulado,Circ.Electoral,Local,Mesa,Mesas Fusionadas,Electores,Nro.voto,Opción Constitución Política,Votos TRICEL
AFRICA,EGIPTO,SECCIÓN CONSULAR,EL CAIRO,CONSULADO,1.0,1,20.0,1.0,APRUEBO,6.0
AFRICA,EGIPTO,SECCIÓN CONSULAR,EL CAIRO,CONSULADO,1.0,1,20.0,2.0,RECHAZO,3.0
AFRICA,EGIPTO,SECCIÓN CONSULAR,EL CAIRO,CONSULADO,1.0,1,20.0,900.0,VOTOS NULOS,0.0
AFRICA,EGIPTO,SECCIÓN CONSULAR,EL CAIRO,CONSULADO,1.0,1,20.0,901.0,VOTOS EN BLANCO,1.0
AFRICA,KENIA,SECCIÓN CONSULAR,NAIROBI,CONSULADO,1.0,1,26.0,1.0,APRUEBO,6.0
AFRICA,KENIA,SECCIÓN CONSULAR,NAIROBI,CONSULADO,1.0,1,26.0,2.0,RECHAZO,5.0
AFRICA,KENIA,SECCIÓN CONSULAR,NAIROBI,CONSULADO,1.0,1,26.0,900.0,VOTOS NULOS,0.0
AFRICA,KENIA,SECCIÓN CONSULAR,NAIROBI,CONSULADO,1.0,1,26.0,901.0,VOTOS EN BLANCO,0.0
AFRICA,MARRUECOS,SECCIÓN CONSULAR,RABAT,CONSULADO,1.0,1,9.0,1.0,APRUEBO,4.0
AFRICA,MARRUECOS,SECCIÓN CONSULAR,RABAT,CONSULADO,1.0,1,9.0,2.0,RECHAZO,0.0
AFRICA,MARRUECOS,SECCIÓN CONSULAR,RABAT,CONSULADO,1.0,1,9.0,900.0,VOTOS NULOS,0.0
AFRICA,MARRUECOS,SECCIÓN CONSULAR,RABAT,CONSULADO,1.0,1,9.0,901.0,VOTOS EN BLANCO,0.0
AFRICA,SUDAFRICA,SECCIÓN CONSULAR,PRETORIA,CONSULADO,1.0,1,92.0,1.0,APRUEBO,8.0
AFRICA,SUDAFRICA,SECCIÓN CONSULAR,PRETORIA,CONSULADO,1.0,1,92.0,2.0,RECHAZO,8.0
AFRICA,SUDAFRICA,SECCIÓN CONSULAR,PRETORIA,CONSULADO,1.0,1,92.0,900.0,VOTOS NULOS,0.0
AFRICA,SUDAFRICA,SECCIÓN CONSULAR,PRETORIA,CONSULADO,1.0,1,92.0,901.0,VOTOS EN BLANCO,0.0
AMERICA,ARGENTINA,CONSULADO,BAHIA BLANCA,CONSULADO,1.0,1,330.0,1.0,APRUEBO,43.0
AMERICA,ARGENTINA,CONSULADO,BAHIA BLANCA,CONSULADO,1.0,1,330.0,2.0,RECHAZO,9.0
AMERICA,ARGENTINA,CONSULADO,BAHIA BLANCA,CONSULADO,1.0,1,330.0,900.0,VOTOS NULOS,1.0
AMERICA,ARGENTINA,CONSULADO,BAHIA BLANCA,CONSULADO,1.0,1,330.0,901.0,VOTOS EN BLANCO,0.0
AMERICA,ARGENTINA,CONSULADO,BAHIA BLANCA,CONSULADO,2.0,2,297.0,1.0,APRUEBO,37.0
AMERICA,ARGENTINA,CONSULADO,BAHIA BLANCA,CONSULADO,2.0,2,297.0,2.0,RECHAZO,8.0
AMERICA,ARGENTINA,CONSULADO,BAHIA BLANCA,CONSULADO,2.0,2,297.0,900.0,VOTOS NULOS,3.0
AMERICA,ARGENTINA,CONSULADO,BAHIA BLANCA,CONSULADO,2.0,2,297.0,901.0,VOTOS EN BLANCO,0.0
AMERICA,ARGENTINA,CONSULADO,COMODORO RIVADAVIA,LOCAL PRIVADO,1.0,1-2,406.0,1.0,APRUEBO,53.0
AMERICA,ARGENTINA,CONSULADO,COMODORO RIVADAVIA,LOCAL PRIVADO,1.0,1-2,406.0,2.0,RECHAZO,12.0
AMERICA,ARGENTINA,CONSULADO,COMODORO RIVADAVIA,LOCAL PRIVADO,1.0,1-2,406.0,900.0,VOTOS NULOS,0.0
AMERICA,ARGENTINA,CONSULADO,COMODORO RIVADAVIA,LOCAL PRIVADO,1.0,1-2,406.0,901.0,VOTOS EN BLANCO,2.0
AMERICA,ARGENTINA,CONSULADO,MAR DEL PLATA,LOCAL EDUCACIONAL,1.0,1-2,419.0,1.0,APRUEBO,52.0
AMERICA,ARGENTINA,CONSULADO,MAR DEL PLATA,LOCAL EDUCACIONAL,1.0,1-2,419.0,2.0,RECHAZO,10.0
AMERICA,ARGENTINA,CONSULADO,MAR DEL PLATA,LOCAL EDUCACIONAL,1.0,1-2,419.0,900.0,VOTOS NULOS,3.0
AMERICA,ARGENTINA,CONSULADO,MAR DEL PLATA,LOCAL EDUCACIONAL,1.0,1-2,419.0,901.0,VOTOS EN BLANCO,0.0
AMERICA,ARGENTINA,CONSULADO,RIO GRANDE,CONSULADO,1.0,1-3,362.0,1.0,APRUEBO,0.0
AMERICA,ARGENTINA,CONSULADO,RIO GRANDE,CONSULADO,1.0,1-3,362.0,2.0,RECHAZO,0.0
AMERICA,ARGENTINA,CONSULADO,RIO GRANDE,CONSULADO,1.0,1-3,362.0,900.0,VOTOS NULOS,0.0
AMERICA,ARGENTINA,CONSULADO,RIO GRANDE,CONSULADO,1.0,1-3,362.0,901.0,VOTOS EN BLANCO,0.0
AMERICA,ARGENTINA,CONSULADO,RIO GRANDE,CONSULADO,2.0,2,350.0,1.0,APRUEBO,0.0
AMERICA,ARGENTINA,CONSULADO,RIO GRANDE,CONSULADO,2.0,2,350.0,2.0,RECHAZO,0.0
AMERICA,ARGENTINA,CONSULADO,RIO GRANDE,CONSULADO,2.0,2,350.0,900.0,VOTOS NULOS,0.0
AMERICA,ARGENTINA,CONSULADO,RIO GRANDE,CONSULADO,2.0,2,350.0,901.0,VOTOS EN BLANCO,0.0
AMERICA,ARGENTINA,CONSULADO,USHUAIA,CONSULADO,1.0,1,95.0,1.0,APRUEBO,0.0
AMERICA,ARGENTINA,CONSULADO,USHUAIA,CONSULADO,1.0,1,95.0,2.0,RECHAZO,0.0
AMERICA,ARGENTINA,CONSULADO,USHUAIA,CONSULADO,1.0,1,95.0,900.0,VOTOS NULOS,0.0
AMERICA,ARGENTINA,CONSULADO,USHUAIA,CONSULADO,1.0,1,95.0,901.0,VOTOS EN BLANCO,0.0
AMERICA,ARGENTINA,CONSULADO GRAL.,BARILOCHE,CONSULADO,1.0,1,349.0,1.0,APRUEBO,34.0
AMERICA,ARGENTINA,CONSULADO GRAL.,BARILOCHE,CONSULADO,1.0,1,349.0,2.0,RECHAZO,7.0
AMERICA,ARGENTINA,CONSULADO GRAL.,BARILOCHE,CONSULADO,1.0,1,349.0,900.0,VOTOS NULOS,1.0
AMERICA,ARGENTINA,CONSULADO GRAL.,BARILOCHE,CONSULADO,1.0,1,349.0,901.0,VOTOS EN BLANCO,0.0
AMERICA,ARGENTINA,CONSULADO GRAL.,BARILOCHE,CONSULADO,2.0,2,337.0,1.0,APRUEBO,46.0
AMERICA,ARGENTINA,CONSULADO GRAL.,BARILOCHE,CONSULADO,2.0,2,337.0,2.0,RECHAZO,7.0
AMERICA,ARGENTINA,CONSULADO GRAL.,BARILOCHE,CONSULADO,2.0,2,337.0,900.0,VOTOS NULOS,0.0
AMERICA,ARGENTINA,CONSULADO GRAL.,BARILOCHE,CONSULADO,2.0,2,337.0,901.0,VOTOS EN BLANCO,1.0
AMERICA,ARGENTINA,CONSULADO GRAL.,BUENOS AIRES,LOCAL PRIVADO,1.0,1,348.0,1.0,APRUEBO,153.0
AMERICA,ARGENTINA,CONSULADO GRAL.,BUENOS AIRES,LOCAL PRIVADO,1.0,1,348.0,2.0,RECHAZO,29.0
AMERICA,ARGENTINA,CONSULADO GRAL.,BUENOS AIRES,LOCAL PRIVADO,1.0,1,348.0,900.0,VOTOS NULOS,0.0
AMERICA,ARGENTINA,CONSULADO GRAL.,BUENOS AIRES,LOCAL PRIVADO,1.0,1,348.0,901.0,VOTOS EN BLANCO,0.0
AMERICA,ARGENTINA,CONSULADO GRAL.,BUENOS AIRES,LOCAL PRIVADO,2.0,2,348.0,1.0,APRUEBO,149.0
AMERICA,ARGENTINA,CONSULADO GRAL.,BUENOS AIRES,LOCAL PRIVADO,2.0,2,348.0,2.0,RECHAZO,16.0
AMERICA,ARGENTINA,CONSULADO GRAL.,BUENOS AIRES,LOCAL PRIVADO,2.0,2,348.0,900.0,VOTOS NULOS,1.0
AMERICA,ARGENTINA,CONSULADO GRAL.,BUENOS AIRES,LOCAL PRIVADO,2.0,2,348.0,901.0,VOTOS EN BLANCO,0.0
AMERICA,ARGENTINA,CONSULADO GRAL.,BUENOS AIRES,LOCAL PRIVADO,3.0,3,340.0,1.0,APRUEBO,141.0
AMERICA,ARGENTINA,CONSULADO GRAL.,BUENOS AIRES,LOCAL PRIVADO,3.0,3,340.0,2.0,RECHAZO,26.0
AMERICA,ARGENTINA,CONSULADO GRAL.,BUENOS AIRES,LOCAL PRIVADO,3.0,3,340.0,900.0,VOTOS NULOS,0.0
AMERICA,ARGENTINA,CONSULADO GRAL.,BUENOS AIRES,LOCAL PRIVADO,3.0,3,340.0,901.0,VOTOS EN BLANCO,0.0
AMERICA,ARGENTINA,CONSULADO GRAL.,BUENOS AIRES,LOCAL PRIVADO,4.0,4,346.0,1.0,APRUEBO,187.0
AMERICA,ARGENTINA,CONSULADO GRAL.,BUENOS AIRES,LOCAL PRIVADO,4.0,4,346.0,2.0,RECHAZO,14.0
AMERICA,ARGENTINA,CONSULADO GRAL.,BUENOS AIRES,LOCAL PRIVADO,4.0,4,346.0,900.0,VOTOS NULOS,0.0
AMERICA,ARGENTINA,CONSULADO GRAL.,BUENOS AIRES,LOCAL PRIVADO,4.0,4,346.0,901.0,VOTOS EN BLANCO,0.0
AMERICA,ARGENTINA,CONSULADO GRAL.,BUENOS AIRES,LOCAL PRIVADO,5.0,5,344.0,1.0,APRUEBO,158.0
AMERICA,ARGENTINA,CONSULADO GRAL.,BUENOS AIRES,LOCAL PRIVADO,5.0,5,344.0,2.0,RECHAZO,20.0
AMERICA,ARGENTINA,CONSULADO GRAL.,BUENOS AIRES,LOCAL PRIVADO,5.0,5,344.0,900.0,VOTOS NULOS,0.0
AMERICA,ARGENTINA,CONSULADO GRAL.,BUENOS AIRES,LOCAL PRIVADO,5.0,5,344.0,901.0,VOTOS EN BLANCO,0.0
AMERICA,ARGENTINA,CONSULADO GRAL.,BUENOS AIRES,LOCAL PRIVADO,6.0,6,316.0,1.0,APRUEBO,220.0
AMERICA,ARGENTINA,CONSULADO GRAL.,BUENOS AIRES,LOCAL PRIVADO,6.0,6,316.0,2.0,RECHAZO,15.0
AMERICA,ARGENTINA,CONSULADO GRAL.,BUENOS AIRES,LOCAL PRIVADO,6.0,6,316.0,900.0,VOTOS NULOS,0.0
AMERICA,ARGENTINA,CONSULADO GRAL.,BUENOS AIRES,LOCAL PRIVADO,6.0,6,316.0,901.0,VOTOS EN BLANCO,0.0
AMERICA,ARGENTINA,CONSULADO GRAL.,CORDOBA,CONSULADO,1.0,1,273.0,1.0,APRUEBO,85.0
AMERICA,ARGENTINA,CONSULADO GRAL.,CORDOBA,CONSULADO,1.0,1,273.0,2.0,RECHAZO,15.0
AMERICA,ARGENTINA,CONSULADO GRAL.,CORDOBA,CONSULADO,1.0,1,273.0,900.0,VOTOS NULOS,0.0
AMERICA,ARGENTINA,CONSULADO GRAL.,CORDOBA,CONSULADO,1.0,1,273.0,901.0,VOTOS EN BLANCO,0.0
AMERICA,ARGENTINA,CONSULADO GRAL.,MENDOZA,CONSULADO,1.0,1,345.0,1.0,APRUEBO,49.0
AMERICA,ARGENTINA,CONSULADO GRAL.,MENDOZA,CONSULADO,1.0,1,345.0,2.0,RECHAZO,9.0
AMERICA,ARGENTINA,CONSULADO GRAL.,MENDOZA,CONSULADO,1.0,1,345.0,900.0,VOTOS NULOS,0.0
AMERICA,ARGENTINA,CONSULADO GRAL.,MENDOZA,CONSULADO,1.0,1,345.0,901.0,VOTOS EN BLANCO,0.0
AMERICA,ARGENTINA,CONSULADO GRAL.,MENDOZA,CONSULADO,2.0,2,347.0,1.0,APRUEBO,64.0
AMERICA,ARGENTINA,CONSULADO GRAL.,MENDOZA,CONSULADO,2.0,2,347.0,2.0,RECHAZO,18.0
AMERICA,ARGENTINA,CONSULADO GRAL.,MENDOZA,CONSULADO,2.0,2,347.0,900.0,VOTOS NULOS,1.0
AMERICA,ARGENTINA,CONSULADO GRAL.,MENDOZA,CONSULADO,2.0,2,347.0,901.0,VOTOS EN BLANCO,0.0
AMERICA,ARGENTINA,CONSULADO GRAL.,MENDOZA,CONSULADO,3.0,3,303.0,1.0,APRUEBO,69.0
AMERICA,ARGENTINA,CONSULADO GRAL.,MENDOZA,CONSULADO,3.0,3,303.0,2.0,RECHAZO,22.0
AMERICA,ARGENTINA,CONSULADO GRAL.,MENDOZA,CONSULADO,3.0,3,303.0,900.0,VOTOS NULOS,0.0
AMERICA,ARGENTINA,CONSULADO GRAL.,MENDOZA,CONSULADO,3.0,3,303.0,901.0,VOTOS EN BLANCO,0.0
AMERICA,ARGENTINA,CONSULADO GRAL.,NEUQUEN,CONSULADO,1.0,1,341.0,1.0,APRUEBO,37.0
AMERICA,ARGENTINA,CONSULADO GRAL.,NEUQUEN,CONSULADO,1.0,1,341.0,2.0,RECHAZO,7.0
AMERICA,ARGENTINA,CONSULADO GRAL.,NEUQUEN,CONSULADO,1.0,1,341.0,900.0,VOTOS NULOS,0.0
AMERICA,ARGENTINA,CONSULADO GRAL.,NEUQUEN,CONSULADO,1.0,1,341.0,901.0,VOTOS EN BLANCO,2.0
AMERICA,ARGENTINA,CONSULADO GRAL.,NEUQUEN,CONSULADO,2.0,2,347.0,1.0,APRUEBO,24.0
AMERICA,ARGENTINA,CONSULADO GRAL.,NEUQUEN,CONSULADO,2.0,2,347.0,2.0,RECHAZO,5.0
AMERICA,ARGENTINA,CONSULADO GRAL.,NEUQUEN,CONSULADO,2.0,2,347.0,900.0,VOTOS NULOS,0.0
AMERICA,ARGENTINA,CONSULADO GRAL.,NEUQUEN,CONSULADO,2.0,2,347.0,901.0,VOTOS EN BLANCO,1.0
AMERICA,ARGENTINA,CONSULADO GRAL.,NEUQUEN,CONSULADO,3.0,3,343.0,1.0,APRUEBO,21.0
AMERICA,ARGENTINA,CONSULADO GRAL.,NEUQUEN,CONSULADO,3.0,3,343.0,2.0,RECHAZO,2.0
AMERICA,ARGENTINA,CONSULADO GRAL.,NEUQUEN,CONSULADO,3.0,3,343.0,900.0,VOTOS NULOS,0.0
AMERICA,ARGENTINA,CONSULADO GRAL.,NEUQUEN,CONSULADO,3.0,3,343.0,901.0,VOTOS EN BLANCO,0.0
AMERICA,ARGENTINA,CONSULADO GRAL.,NEUQUEN,CONSULADO,4.0,4,346.0,1.0,APRUEBO,14.0
AMERICA,ARGENTINA,CONSULADO GRAL.,NEUQUEN,CONSULADO,4.0,4,346.0,2.0,RECHAZO,3.0
AMERICA,ARGENTINA,CONSULADO GRAL.,NEUQUEN,CONSULADO,4.0,4,346.0,900.0,VOTOS NULOS,0.0
AMERICA,ARGENTINA,CONSULADO GRAL.,NEUQUEN,CONSULADO,4.0,4,346.0,901.0,VOTOS EN BLANCO,1.0
AMERICA,ARGENTINA,CONSULADO GRAL.,NEUQUEN,CONSULADO,5.0,5,178.0,1.0,APRUEBO,24.0
AMERICA,ARGENTINA,CONSULADO GRAL.,NEUQUEN,CONSULADO,5.0,5,178.0,2.0,RECHAZO,8.0
AMERICA,ARGENTINA,CONSULADO GRAL.,NEUQUEN,CONSULADO,5.0,5,178.0,900.0,VOTOS NULOS,0.0
AMERICA,ARGENTINA,CONSULADO GRAL.,NEUQUEN,CONSULADO,5.0,5,178.0,901.0,VOTOS EN BLANCO,0.0
AMERICA,ARGENTINA,CONSULADO GRAL.,RIO GALLEGOS,CONSULADO,1.0,1,215.0,1.0,APRUEBO,49.0
AMERICA,ARGENTINA,CONSULADO GRAL.,RIO GALLEGOS,CONSULADO,1.0,1,215.0,2.0,RECHAZO,6.0
AMERICA,ARGENTINA,CONSULADO GRAL.,RIO GALLEGOS,CONSULADO,1.0,1,215.0,900.0,VOTOS NULOS,1.0
AMERICA,ARGENTINA,CONSULADO GRAL.,RIO GALLEGOS,CONSULADO,1.0,1,215.0,901.0,VOTOS EN BLANCO,2.0
AMERICA,ARGENTINA,CONSULADO GRAL.,ROSARIO,LOCAL EDUCACIONAL,1.0,1,268.0,1.0,APRUEBO,72.0
AMERICA,ARGENTINA,CONSULADO GRAL.,ROSARIO,LOCAL EDUCACIONAL,1.0,1,268.0,2.0,RECHAZO,8.0
AMERICA,ARGENTINA,CONSULADO GRAL.,ROSARIO,LOCAL EDUCACIONAL,1.0,1,268.0,900.0,VOTOS NULOS,0.0
AMERICA,ARGENTINA,CONSULADO GRAL.,ROSARIO,LOCAL EDUCACIONAL,1.0,1,268.0,901.0,VOTOS EN BLANCO,0.0
AMERICA,ARGENTINA,CONSULADO GRAL.,SALTA,CONSULADO,1.0,1,112.0,1.0,APRUEBO,16.0
AMERICA,ARGENTINA,CONSULADO GRAL.,SALTA,CONSULADO,1.0,1,112.0,2.0,RECHAZO,6.0
AMERICA,ARGENTINA,CONSULADO GRAL.,SALTA,CONSULADO,1.0,1,112.0,900.0,VOTOS NULOS,1.0
AMERICA,ARGENTINA,CONSULADO GRAL.,SALTA,CONSULADO,1.0,1,112.0,901.0,VOTOS EN BLANCO,0.0
AMERICA,ARGENTINA,LOCAL ADICIONAL,SAN LUIS,LOCAL PRIVADO,1.0,1,174.0,1.0,APRUEBO,59.0
AMERICA,ARGENTINA,LOCAL ADICIONAL,SAN LUIS,LOCAL PRIVADO,1.0,1,174.0,2.0,RECHAZO,6.0
AMERICA,ARGENTINA,LOCAL ADICIONAL,SAN LUIS,LOCAL PRIVADO,1.0,1,174.0,900.0,VOTOS NULOS,0.0
AMERICA,ARGENTINA,LOCAL ADICIONAL,SAN LUIS,LOCAL PRIVADO,1.0,1,174.0,901.0,VOTOS EN BLANCO,1.0
AMERICA,ARGENTINA,LOCAL ADICIONAL,TRELEW,LOCAL PRIVADO,1.0,1,199.0,1.0,APRUEBO,18.0
AMERICA,ARGENTINA,LOCAL ADICIONAL,TRELEW,LOCAL PRIVADO,1.0,1,199.0,2.0,RECHAZO,5.0
AMERICA,ARGENTINA,LOCAL ADICIONAL,TRELEW,LOCAL PRIVADO,1.0,1,199.0,900.0,VOTOS NULOS,0.0
AMERICA,ARGENTINA,LOCAL ADICIONAL,TRELEW,LOCAL PRIVADO,1.0,1,199.0,901.0,VOTOS EN BLANCO,0.0
AMERICA,BOLIVIA,CONSULADO GRAL.,COCHABAMBA,LOCAL PRIVADO,1.0,1,258.0,1.0,APRUEBO,52.0
AMERICA,BOLIVIA,CONSULADO GRAL.,COCHABAMBA,LOCAL PRIVADO,1.0,1,258.0,2.0,RECHAZO,40.0
AMERICA,BOLIVIA,CONSULADO GRAL.,COCHABAMBA,LOCAL PRIVADO,1.0,1,258.0,900.0,VOTOS NULOS,1.0
AMERICA,BOLIVIA,CONSULADO GRAL.,COCHABAMBA,LOCAL PRIVADO,1.0,1,258.0,901.0,VOTOS EN BLANCO,0.0
AMERICA,BOLIVIA,CONSULADO GRAL.,LA PAZ,CONSULADO,1.0,1-2,121.0,1.0,APRUEBO,31.0
AMERICA,BOLIVIA,CONSULADO GRAL.,LA PAZ,CONSULADO,1.0,1-2,121.0,2.0,RECHAZO,24.0
AMERICA,BOLIVIA,CONSULADO GRAL.,LA PAZ,CONSULADO,1.0,1-2,121.0,900.0,VOTOS NULOS,0.0
AMERICA,BOLIVIA,CONSULADO GRAL.,LA PAZ,CONSULADO,1.0,1-2,121.0,901.0,VOTOS EN BLANCO,0.0
AMERICA,BOLIVIA,CONSULADO GRAL.,SANTA CRUZ,CONSULADO,1.0,1,305.0,1.0,APRUEBO,67.0
AMERICA,BOLIVIA,CONSULADO GRAL.,SANTA CRUZ,CONSULADO,1.0,1,305.0,2.0,RECHAZO,78.0
AMERICA,BOLIVIA,CONSULADO GRAL.,SANTA CRUZ,CONSULADO,1.0,1,305.0,900.0,VOTOS NULOS,0.0
AMERICA,BOLIVIA,CONSULADO GRAL.,SANTA CRUZ,CONSULADO,1.0,1,305.0,901.0,VOTOS EN BLANCO,0.0
AMERICA,BRASIL,CONSULADO GRAL.,PORTO ALEGRE,CONSULADO,1.0,1,153.0,1.0,APRUEBO,32.0
AMERICA,BRASIL,CONSULADO GRAL.,PORTO ALEGRE,CONSULADO,1.0,1,153.0,2.0,RECHAZO,11.0
AMERICA,BRASIL,CONSULADO GRAL.,PORTO ALEGRE,CONSULADO,1.0,1,153.0,900.0,VOTOS NULOS,1.0
AMERICA,BRASIL,CONSULADO GRAL.,PORTO ALEGRE,CONSULADO,1.0,1,153.0,901.0,VOTOS EN BLANCO,0.0
AMERICA,BRASIL,CONSULADO GRAL.,RIO DE JANEIRO,CONSULADO,1.0,1,335.0,1.0,APRUEBO,71.0
AMERICA,BRASIL,CONSULADO GRAL.,RIO DE JANEIRO,CONSULADO,1.0,1,335.0,2.0,RECHAZO,26.0
AMERICA,BRASIL,CONSULADO GRAL.,RIO DE JANEIRO,CONSULADO,1.0,1,335.0,900.0,VOTOS NULOS,1.0
AMERICA,BRASIL,CONSULADO GRAL.,RIO DE JANEIRO,CONSULADO,1.0,1,335.0,901.0,VOTOS EN BLANCO,0.0
AMERICA,BRASIL,CONSULADO GRAL.,SAO PAULO,CONSULADO,1.0,1,334.0,1.0,APRUEBO,52.0
AMERICA,BRASIL,CONSULADO GRAL.,SAO PAULO,CONSULADO,1.0,1,334.0,2.0,RECHAZO,17.0
AMERICA,BRASIL,CONSULADO GRAL.,SAO PAULO,CONSULADO,1.0,1,334.0,900.0,VOTOS NULOS,0.0
AMERICA,BRASIL,CONSULADO GRAL.,SAO PAULO,CONSULADO,1.0,1,334.0,901.0,VOTOS EN BLANCO,0.0
AMERICA,BRASIL,CONSULADO GRAL.,SAO PAULO,CONSULADO,2.0,2,337.0,1.0,APRUEBO,61.0
AMERICA,BRASIL,CONSULADO GRAL.,SAO PAULO,CONSULADO,2.0,2,337.0,2.0,RECHAZO,19.0
AMERICA,BRASIL,CONSULADO GRAL.,SAO PAULO,CONSULADO,2.0,2,337.0,900.0,VOTOS NULOS,0.0
AMERICA,BRASIL,CONSULADO GRAL.,SAO PAULO,CONSULADO,2.0,2,337.0,901.0,VOTOS EN BLANCO,0.0
AMERICA,BRASIL,CONSULADO GRAL.,SAO PAULO,CONSULADO,3.0,3,337.0,1.0,APRUEBO,52.0
AMERICA,BRASIL,CONSULADO GRAL.,SAO PAULO,CONSULADO,3.0,3,337.0,2.0,RECHAZO,27.0
AMERICA,BRASIL,CONSULADO GRAL.,SAO PAULO,CONSULADO,3.0,3,337.0,900.0,VOTOS NULOS,0.0
AMERICA,BRASIL,CONSULADO GRAL.,SAO PAULO,CONSULADO,3.0,3,337.0,901.0,VOTOS EN BLANCO,0.0
AMERICA,BRASIL,CONSULADO GRAL.,SAO PAULO,CONSULADO,4.0,4,164.0,1.0,APRUEBO,84.0
AMERICA,BRASIL,CONSULADO GRAL.,SAO PAULO,CONSULADO,4.0,4,164.0,2.0,RECHAZO,11.0
AMERICA,BRASIL,CONSULADO GRAL.,SAO PAULO,CONSULADO,4.0,4,164.0,900.0,VOTOS NULOS,0.0
AMERICA,BRASIL,CONSULADO GRAL.,SAO PAULO,CONSULADO,4.0,4,164.0,901.0,VOTOS EN BLANCO,0.0
AMERICA,BRASIL,SECCIÓN CONSULAR,BRASILIA,CONSULADO,1.0,1,149.0,1.0,APRUEBO,47.0
AMERICA,BRASIL,SECCIÓN CONSULAR,BRASILIA,CONSULADO,1.0,1,149.0,2.0,RECHAZO,29.0
AMERICA,BRASIL,SECCIÓN CONSULAR,BRASILIA,CONSULADO,1.0,1,149.0,900.0,VOTOS NULOS,0.0
AMERICA,BRASIL,SECCIÓN CONSULAR,BRASILIA,CONSULADO,1.0,1,149.0,901.0,VOTOS EN BLANCO,0.0
AMERICA,CANADA,CONSULADO GRAL.,MONTREAL,LOCAL COMUNITARIO,1.0,1-5,431.0,1.0,APRUEBO,203.0
AMERICA,CANADA,CONSULADO GRAL.,MONTREAL,LOCAL COMUNITARIO,1.0,1-5,431.0,2.0,RECHAZO,30.0
AMERICA,CANADA,CONSULADO GRAL.,MONTREAL,LOCAL COMUNITARIO,1.0,1-5,431.0,900.0,VOTOS NULOS,1.0
AMERICA,CANADA,CONSULADO GRAL.,MONTREAL,LOCAL COMUNITARIO,1.0,1-5,431.0,901.0,VOTOS EN BLANCO,0.0
AMERICA,CANADA,CONSULADO GRAL.,MONTREAL,LOCAL COMUNITARIO,2.0,2,347.0,1.0,APRUEBO,173.0
AMERICA,CANADA,CONSULADO GRAL.,MONTREAL,LOCAL COMUNITARIO,2.0,2,347.0,2.0,RECHAZO,19.0
AMERICA,CANADA,CONSULADO GRAL.,MONTREAL,LOCAL COMUNITARIO,2.0,2,347.0,900.0,VOTOS NULOS,0.0
AMERICA,CANADA,CONSULADO GRAL.,MONTREAL,LOCAL COMUNITARIO,2.0,2,347.0,901.0,VOTOS EN BLANCO,0.0
AMERICA,CANADA,CONSULADO GRAL.,MONTREAL,LOCAL COMUNITARIO,3.0,3,344.0,1.0,APRUEBO,205.0
AMERICA,CANADA,CONSULADO GRAL.,MONTREAL,LOCAL COMUNITARIO,3.0,3,344.0,2.0,RECHAZO,19.0
AMERICA,CANADA,CONSULADO GRAL.,MONTREAL,LOCAL COMUNITARIO,3.0,3,344.0,900.0,VOTOS NULOS,0.0
AMERICA,CANADA,CONSULADO GRAL.,MONTREAL,LOCAL COMUNITARIO,3.0,3,344.0,901.0,VOTOS EN BLANCO,0.0
AMERICA,CANADA,CONSULADO GRAL.,MONTREAL,LOCAL COMUNITARIO,4.0,4,341.0,1.0,APRUEBO,244.0
AMERICA,CANADA,CONSULADO GRAL.,MONTREAL,LOCAL COMUNITARIO,4.0,4,341.0,2.0,RECHAZO,19.0
AMERICA,CANADA,CONSULADO GRAL.,MONTREAL,LOCAL COMUNITARIO,4.0,4,341.0,900.0,VOTOS NULOS,0.0
AMERICA,CANADA,CONSULADO GRAL.,MONTREAL,LOCAL COMUNITARIO,4.0,4,341.0,901.0,VOTOS EN BLANCO,1.0
AMERICA,CANADA,CONSULADO GRAL.,TORONTO,LOCAL PRIVADO,1.0,1,346.0,1.0,APRUEBO,179.0
AMERICA,CANADA,CONSULADO GRAL.,TORONTO,LOCAL PRIVADO,1.0,1,346.0,2.0,RECHAZO,20.0
AMERICA,CANADA,CONSULADO GRAL.,TORONTO,LOCAL PRIVADO,1.0,1,346.0,900.0,VOTOS NULOS,0.0
AMERICA,CANADA,CONSULADO GRAL.,TORONTO,LOCAL PRIVADO,1.0,1,346.0,901.0,VOTOS EN BLANCO,0.0
AMERICA,CANADA,CONSULADO GRAL.,TORONTO,LOCAL PRIVADO,2.0,2,336.0,1.0,APRUEBO,165.0
AMERICA,CANADA,CONSULADO GRAL.,TORONTO,LOCAL PRIVADO,2.0,2,336.0,2.0,RECHAZO,39.0
AMERICA,CANADA,CONSULADO GRAL.,TORONTO,LOCAL PRIVADO,2.0,2,336.0,900.0,VOTOS NULOS,1.0
AMERICA,CANADA,CONSULADO GRAL.,TORONTO,LOCAL PRIVADO,2.0,2,336.0,901.0,VOTOS EN BLANCO,1.0
AMERICA,CANADA,CONSULADO GRAL.,TORONTO,LOCAL PRIVADO,3.0,3,337.0,1.0,APRUEBO,202.0
AMERICA,CANADA,CONSULADO GRAL.,TORONTO,LOCAL PRIVADO,3.0,3,337.0,2.0,RECHAZO,32.0
AMERICA,CANADA,CONSULADO GRAL.,TORONTO,LOCAL PRIVADO,3.0,3,337.0,900.0,VOTOS NULOS,1.0
AMERICA,CANADA,CONSULADO GRAL.,TORONTO,LOCAL PRIVADO,3.0,3,337.0,901.0,VOTOS EN BLANCO,0.0
AMERICA,CANADA,CONSULADO GRAL.,TORONTO,LOCAL PRIVADO,4.0,4,139.0,1.0,APRUEBO,97.0
AMERICA,CANADA,CONSULADO GRAL.,TORONTO,LOCAL PRIVADO,4.0,4,139.0,2.0,RECHAZO,7.0
AMERICA,CANADA,CONSULADO GRAL.,TORONTO,LOCAL PRIVADO,4.0,4,139.0,900.0,VOTOS NULOS,0.0
AMERICA,CANADA,CONSULADO GRAL.,TORONTO,LOCAL PRIVADO,4.0,4,139.0,901.0,VOTOS EN BLANCO,0.0
AMERICA,CANADA,CONSULADO GRAL.,VANCOUVER,LOCAL PRIVADO,1.0,1,348.0,1.0,APRUEBO,191.0
AMERICA,CANADA,CONSULADO GRAL.,VANCOUVER,LOCAL PRIVADO,1.0,1,348.0,2.0,RECHAZO,17.0
AMERICA,CANADA,CONSULADO GRAL.,VANCOUVER,LOCAL PRIVADO,1.0,1,348.0,900.0,VOTOS NULOS,2.0
AMERICA,CANADA,CONSULADO GRAL.,VANCOUVER,LOCAL PRIVADO,1.0,1,348.0,901.0,VOTOS EN BLANCO,0.0
AMERICA,CANADA,CONSULADO GRAL.,VANCOUVER,LOCAL PRIVADO,2.0,2,318.0,1.0,APRUEBO,219.0
AMERICA,CANADA,CONSULADO GRAL.,VANCOUVER,LOCAL PRIVADO,2.0,2,318.0,2.0,RECHAZO,22.0
AMERICA,CANADA,CONSULADO GRAL.,VANCOUVER,LOCAL PRIVADO,2.0,2,318.0,900.0,VOTOS NULOS,0.0
AMERICA,CANADA,CONSULADO GRAL.,VANCOUVER,LOCAL PRIVADO,2.0,2,318.0,901.0,VOTOS EN BLANCO,0.0
AMERICA,CANADA,LOCAL ADICIONAL,CALGARY,LOCAL PRIVADO,1.0,1,270.0,1.0,APRUEBO,159.0
AMERICA,CANADA,LOCAL ADICIONAL,CALGARY,LOCAL PRIVADO,1.0,1,270.0,2.0,RECHAZO,13.0
AMERICA,CANADA,LOCAL ADICIONAL,CALGARY,LOCAL PRIVADO,1.0,1,270.0,900.0,VOTOS NULOS,0.0
AMERICA,CANADA,LOCAL ADICIONAL,CALGARY,LOCAL PRIVADO,1.0,1,270.0,901.0,VOTOS EN BLANCO,0.0
AMERICA,CANADA,LOCAL ADICIONAL,WINNIPEG,LOCAL PRIVADO,1.0,1,120.0,1.0,APRUEBO,85.0
AMERICA,CANADA,LOCAL ADICIONAL,WINNIPEG,LOCAL PRIVADO,1.0,1,120.0,2.0,RECHAZO,4.0
AMERICA,CANADA,LOCAL ADICIONAL,WINNIPEG,LOCAL PRIVADO,1.0,1,120.0,900.0,VOTOS NULOS,0.0
AMERICA,CANADA,LOCAL ADICIONAL,WINNIPEG,LOCAL PRIVADO,1.0,1,120.0,901.0,VOTOS EN BLANCO,0.0
AMERICA,CANADA,SECCIÓN CONSULAR,OTTAWA,CONSULADO,1.0,1,178.0,1.0,APRUEBO,96.0
AMERICA,CANADA,SECCIÓN CONSULAR,OTTAWA,CONSULADO,1.0,1,178.0,2.0,RECHAZO,26.0
AMERICA,CANADA,SECCIÓN CONSULAR,OTTAWA,CONSULADO,1.0,1,178.0,900.0,VOTOS NULOS,0.0
AMERICA,CANADA,SECCIÓN CONSULAR,OTTAWA,CONSULADO,1.0,1,178.0,901.0,VOTOS EN BLANCO,0.0
AMERICA,COLOMBIA,CONSULADO GRAL.,BOGOTA,CONSULADO,1.0,1-2,355.0,1.0,APRUEBO,105.0
AMERICA,COLOMBIA,CONSULADO GRAL.,BOGOTA,CONSULADO,1.0,1-2,355.0,2.0,RECHAZO,82.0
AMERICA,COLOMBIA,CONSULADO GRAL.,BOGOTA,CONSULADO,1.0,1-2,355.0,900.0,VOTOS NULOS,0.0
AMERICA,COLOMBIA,CONSULADO GRAL.,BOGOTA,CONSULADO,1.0,1-2,355.0,901.0,VOTOS EN BLANCO,0.0
AMERICA,COSTA RICA,SECCIÓN CONSULAR,SAN JOSE,CONSULADO,1.0,1-2,393.0,1.0,APRUEBO,181.0
AMERICA,COSTA RICA,SECCIÓN CONSULAR,SAN JOSE,CONSULADO,1.0,1-2,393.0,2.0,RECHAZO,78.0
AMERICA,COSTA RICA,SECCIÓN CONSULAR,SAN JOSE,CONSULADO,1.0,1-2,393.0,900.0,VOTOS NULOS,0.0
AMERICA,COSTA RICA,SECCIÓN CONSULAR,SAN JOSE,CONSULADO,1.0,1-2,393.0,901.0,VOTOS EN BLANCO,0.0
AMERICA,CUBA,SECCIÓN CONSULAR,LA HABANA,CONSULADO,1.0,1,85.0,1.0,APRUEBO,50.0
AMERICA,CUBA,SECCIÓN CONSULAR,LA HABANA,CONSULADO,1.0,1,85.0,2.0,RECHAZO,2.0
AMERICA,CUBA,SECCIÓN CONSULAR,LA HABANA,CONSULADO,1.0,1,85.0,900.0,VOTOS NULOS,0.0
AMERICA,CUBA,SECCIÓN CONSULAR,LA HABANA,CONSULADO,1.0,1,85.0,901.0,VOTOS EN BLANCO,0.0
AMERICA,ECUADOR,CONSULADO GRAL.,GUAYAQUIL,LOCAL EDUCACIONAL,1.0,1,325.0,1.0,APRUEBO,68.0
AMERICA,ECUADOR,CONSULADO GRAL.,GUAYAQUIL,LOCAL EDUCACIONAL,1.0,1,325.0,2.0,RECHAZO,55.0
AMERICA,ECUADOR,CONSULADO GRAL.,GUAYAQUIL,LOCAL EDUCACIONAL,1.0,1,325.0,900.0,VOTOS NULOS,0.0
AMERICA,ECUADOR,CONSULADO GRAL.,GUAYAQUIL,LOCAL EDUCACIONAL,1.0,1,325.0,901.0,VOTOS EN BLANCO,0.0
AMERICA,ECUADOR,CONSULADO GRAL.,GUAYAQUIL,LOCAL EDUCACIONAL,2.0,2,128.0,1.0,APRUEBO,22.0
AMERICA,ECUADOR,CONSULADO GRAL.,GUAYAQUIL,LOCAL EDUCACIONAL,2.0,2,128.0,2.0,RECHAZO,34.0
AMERICA,ECUADOR,CONSULADO GRAL.,GUAYAQUIL,LOCAL EDUCACIONAL,2.0,2,128.0,900.0,VOTOS NULOS,0.0
AMERICA,ECUADOR,CONSULADO GRAL.,GUAYAQUIL,LOCAL EDUCACIONAL,2.0,2,128.0,901.0,VOTOS EN BLANCO,0.0
AMERICA,ECUADOR,SECCIÓN CONSULAR,QUITO,LOCAL EDUCACIONAL,1.0,1-2,448.0,1.0,APRUEBO,150.0
AMERICA,ECUADOR,SECCIÓN CONSULAR,QUITO,LOCAL EDUCACIONAL,1.0,1-2,448.0,2.0,RECHAZO,69.0
AMERICA,ECUADOR,SECCIÓN CONSULAR,QUITO,LOCAL EDUCACIONAL,1.0,1-2,448.0,900.0,VOTOS NULOS,2.0
AMERICA,ECUADOR,SECCIÓN CONSULAR,QUITO,LOCAL EDUCACIONAL,1.0,1-2,448.0,901.0,VOTOS EN BLANCO,0.0
AMERICA,EL SALVADOR,SECCIÓN CONSULAR,SAN SALVADOR,CONSULADO,1.0,1,93.0,1.0,APRUEBO,29.0
AMERICA,EL SALVADOR,SECCIÓN CONSULAR,SAN SALVADOR,CONSULADO,1.0,1,93.0,2.0,RECHAZO,33.0
AMERICA,EL SALVADOR,SECCIÓN CONSULAR,SAN SALVADOR,CONSULADO,1.0,1,93.0,900.0,VOTOS NULOS,0.0
AMERICA,EL SALVADOR,SECCIÓN CONSULAR,SAN SALVADOR,CONSULADO,1.0,1,93.0,901.0,VOTOS EN BLANCO,1.0
AMERICA,ESTADOS UNIDOS,CONSULADO GRAL.,CHICAGO,CONSULADO,1.0,1-3,418.0,1.0,APRUEBO,114.0
AMERICA,ESTADOS UNIDOS,CONSULADO GRAL.,CHICAGO,CONSULADO,1.0,1-3,418.0,2.0,RECHAZO,41.0
AMERICA,ESTADOS UNIDOS,CONSULADO GRAL.,CHICAGO,CONSULADO,1.0,1-3,418.0,900.0,VOTOS NULOS,0.0
AMERICA,ESTADOS UNIDOS,CONSULADO GRAL.,CHICAGO,CONSULADO,1.0,1-3,418.0,901.0,VOTOS EN BLANCO,0.0
AMERICA,ESTADOS UNIDOS,CONSULADO GRAL.,CHICAGO,CONSULADO,2.0,2,341.0,1.0,APRUEBO,133.0
AMERICA,ESTADOS UNIDOS,CONSULADO GRAL.,CHICAGO,CONSULADO,2.0,2,341.0,2.0,RECHAZO,50.0
AMERICA,ESTADOS UNIDOS,CONSULADO GRAL.,CHICAGO,CONSULADO,2.0,2,341.0,900.0,VOTOS NULOS,0.0
AMERICA,ESTADOS UNIDOS,CONSULADO GRAL.,CHICAGO,CONSULADO,2.0,2,341.0,901.0,VOTOS EN BLANCO,1.0
AMERICA,ESTADOS UNIDOS,CONSULADO GRAL.,HOUSTON,CONSULADO,1.0,1,340.0,1.0,APRUEBO,78.0
AMERICA,ESTADOS UNIDOS,CONSULADO GRAL.,HOUSTON,CONSULADO,1.0,1,340.0,2.0,RECHAZO,48.0
AMERICA,ESTADOS UNIDOS,CONSULADO GRAL.,HOUSTON,CONSULADO,1.0,1,340.0,900.0,VOTOS NULOS,0.0
AMERICA,ESTADOS UNIDOS,CONSULADO GRAL.,HOUSTON,CONSULADO,1.0,1,340.0,901.0,VOTOS EN BLANCO,0.0
AMERICA,ESTADOS UNIDOS,CONSULADO GRAL.,HOUSTON,CONSULADO,2.0,2,193.0,1.0,APRUEBO,62.0
AMERICA,ESTADOS UNIDOS,CONSULADO GRAL.,HOUSTON,CONSULADO,2.0,2,193.0,2.0,RECHAZO,57.0
AMERICA,ESTADOS UNIDOS,CONSULADO GRAL.,HOUSTON,CONSULADO,2.0,2,193.0,900.0,VOTOS NULOS,0.0
AMERICA,ESTADOS UNIDOS,CONSULADO GRAL.,HOUSTON,CONSULADO,2.0,2,193.0,901.0,VOTOS EN BLANCO,0.0
AMERICA,ESTADOS UNIDOS,CONSULADO GRAL.,LOS ANGELES,CONSULADO,1.0,1,347.0,1.0,APRUEBO,113.0
AMERICA,ESTADOS UNIDOS,CONSULADO GRAL.,LOS ANGELES,CONSULADO,1.0,1,347.0,2.0,RECHAZO,60.0
AMERICA,ESTADOS UNIDOS,CONSULADO GRAL.,LOS ANGELES,CONSULADO,1.0,1,347.0,900.0,VOTOS NULOS,1.0
AMERICA,ESTADOS UNIDOS,CONSULADO GRAL.,LOS ANGELES,CONSULADO,1.0,1,347.0,901.0,VOTOS EN BLANCO,0.0
AMERICA,ESTADOS UNIDOS,CONSULADO GRAL.,LOS ANGELES,CONSULADO,2.0,2,341.0,1.0,APRUEBO,146.0
AMERICA,ESTADOS UNIDOS,CONSULADO GRAL.,LOS ANGELES,CONSULADO,2.0,2,341.0,2.0,RECHAZO,47.0
AMERICA,ESTADOS UNIDOS,CONSULADO GRAL.,LOS ANGELES,CONSULADO,2.0,2,341.0,900.0,VOTOS NULOS,0.0
AMERICA,ESTADOS UNIDOS,CONSULADO GRAL.,LOS ANGELES,CONSULADO,2.0,2,341.0,901.0,VOTOS EN BLANCO,0.0
AMERICA,ESTADOS UNIDOS,CONSULADO GRAL.,MIAMI,CONSULADO,1.0,1,346.0,1.0,APRUEBO,38.0
AMERICA,ESTADOS UNIDOS,CONSULADO GRAL.,MIAMI,CONSULADO,1.0,1,346.0,2.0,RECHAZO,127.0
AMERICA,ESTADOS UNIDOS,CONSULADO GRAL.,MIAMI,CONSULADO,1.0,1,346.0,900.0,VOTOS NULOS,1.0
AMERICA,ESTADOS UNIDOS,CONSULADO GRAL.,MIAMI,CONSULADO,1.0,1,346.0,901.0,VOTOS EN BLANCO,1.0
AMERICA,ESTADOS UNIDOS,CONSULADO GRAL.,MIAMI,CONSULADO,2.0,2,347.0,1.0,APRUEBO,49.0
AMERICA,ESTADOS UNIDOS,CONSULADO GRAL.,MIAMI,CONSULADO,2.0,2,347.0,2.0,RECHAZO,142.0
AMERICA,ESTADOS UNIDOS,CONSULADO GRAL.,MIAMI,CONSULADO,2.0,2,347.0,900.0,VOTOS NULOS,0.0
AMERICA,ESTADOS UNIDOS,CONSULADO GRAL.,MIAMI,CONSULADO,2.0,2,347.0,901.0,VOTOS EN BLANCO,1.0
AMERICA,ESTADOS UNIDOS,CONSULADO GRAL.,MIAMI,CONSULADO,3.0,3,344.0,1.0,APRUEBO,57.0
AMERICA,ESTADOS UNIDOS,CONSULADO GRAL.,MIAMI,CONSULADO,3.0,3,344.0,2.0,RECHAZO,119.0
AMERICA,ESTADOS UNIDOS,CONSULADO GRAL.,MIAMI,CONSULADO,3.0,3,344.0,900.0,VOTOS NULOS,0.0
AMERICA,ESTADOS UNIDOS,CONSULADO GRAL.,MIAMI,CONSULADO,3.0,3,344.0,901.0,VOTOS EN BLANCO,0.0
AMERICA,ESTADOS UNIDOS,CONSULADO GRAL.,MIAMI,CONSULADO,4.0,4,348.0,1.0,APRUEBO,85.0
AMERICA,ESTADOS UNIDOS,CONSULADO GRAL.,MIAMI,CONSULADO,4.0,4,348.0,2.0,RECHAZO,97.0
AMERICA,ESTADOS UNIDOS,CONSULADO GRAL.,MIAMI,CONSULADO,4.0,4,348.0,900.0,VOTOS NULOS,0.0
AMERICA,ESTADOS UNIDOS,CONSULADO GRAL.,MIAMI,CONSULADO,4.0,4,348.0,901.0,VOTOS EN BLANCO,0.0
AMERICA,ESTADOS UNIDOS,CONSULADO GRAL.,MIAMI,CONSULADO,5.0,5,289.0,1.0,APRUEBO,92.0
AMERICA,ESTADOS UNIDOS,CONSULADO GRAL.,MIAMI,CONSULADO,5.0,5,289.0,2.0,RECHAZO,100.0
AMERICA,ESTADOS UNIDOS,CONSULADO GRAL.,MIAMI,CONSULADO,5.0,5,289.0,900.0,VOTOS NULOS,0.0
AMERICA,ESTADOS UNIDOS,CONSULADO GRAL.,MIAMI,CONSULADO,5.0,5,289.0,901.0,VOTOS EN BLANCO,0.0
AMERICA,ESTADOS UNIDOS,CONSULADO GRAL.,NUEVA YORK,CONSULADO,1.0,1,333.0,1.0,APRUEBO,91.0
AMERICA,ESTADOS UNIDOS,CONSULADO GRAL.,NUEVA YORK,CONSULADO,1.0,1,333.0,2.0,RECHAZO,35.0
AMERICA,ESTADOS UNIDOS,CONSULADO GRAL.,NUEVA YORK,CONSULADO,1.0,1,333.0,900.0,VOTOS NULOS,0.0
AMERICA,ESTADOS UNIDOS,CONSULADO GRAL.,NUEVA YORK,CONSULADO,1.0,1,333.0,901.0,VOTOS EN BLANCO,0.0
AMERICA,ESTADOS UNIDOS,CONSULADO GRAL.,NUEVA YORK,CONSULADO,2.0,2,331.0,1.0,APRUEBO,91.0
AMERICA,ESTADOS UNIDOS,CONSULADO GRAL.,NUEVA YORK,CONSULADO,2.0,2,331.0,2.0,RECHAZO,35.0
AMERICA,ESTADOS UNIDOS,CONSULADO GRAL.,NUEVA YORK,CONSULADO,2.0,2,331.0,900.0,VOTOS NULOS,0.0
AMERICA,ESTADOS UNIDOS,CONSULADO GRAL.,NUEVA YORK,CONSULADO,2.0,2,331.0,901.0,VOTOS EN BLANCO,0.0
AMERICA,ESTADOS UNIDOS,CONSULADO GRAL.,NUEVA YORK,CONSULADO,3.0,3,332.0,1.0,APRUEBO,110.0
AMERICA,ESTADOS UNIDOS,CONSULADO GRAL.,NUEVA YORK,CONSULADO,3.0,3,332.0,2.0,RECHAZO,55.0
AMERICA,ESTADOS UNIDOS,CONSULADO GRAL.,NUEVA YORK,CONSULADO,3.0,3,332.0,900.0,VOTOS NULOS,0.0
AMERICA,ESTADOS UNIDOS,CONSULADO GRAL.,NUEVA YORK,CONSULADO,3.0,3,332.0,901.0,VOTOS EN BLANCO,0.0
AMERICA,ESTADOS UNIDOS,CONSULADO GRAL.,NUEVA YORK,CONSULADO,4.0,4,328.0,1.0,APRUEBO,122.0
AMERICA,ESTADOS UNIDOS,CONSULADO GRAL.,NUEVA YORK,CONSULADO,4.0,4,328.0,2.0,RECHAZO,39.0
AMERICA,ESTADOS UNIDOS,CONSULADO GRAL.,NUEVA YORK,CONSULADO,4.0,4,328.0,900.0,VOTOS NULOS,0.0
AMERICA,ESTADOS UNIDOS,CONSULADO GRAL.,NUEVA YORK,CONSULADO,4.0,4,328.0,901.0,VOTOS EN BLANCO,0.0
AMERICA,ESTADOS UNIDOS,CONSULADO GRAL.,NUEVA YORK,CONSULADO,5.0,5,333.0,1.0,APRUEBO,175.0
AMERICA,ESTADOS UNIDOS,CONSULADO GRAL.,NUEVA YORK,CONSULADO,5.0,5,333.0,2.0,RECHAZO,40.0
AMERICA,ESTADOS UNIDOS,CONSULADO GRAL.,NUEVA YORK,CONSULADO,5.0,5,333.0,900.0,VOTOS NULOS,0.0
AMERICA,ESTADOS UNIDOS,CONSULADO GRAL.,NUEVA YORK,CONSULADO,5.0,5,333.0,901.0,VOTOS EN BLANCO,0.0
AMERICA,ESTADOS UNIDOS,CONSULADO GRAL.,NUEVA YORK,CONSULADO,6.0,6,170.0,1.0,APRUEBO,86.0
AMERICA,ESTADOS UNIDOS,CONSULADO GRAL.,NUEVA YORK,CONSULADO,6.0,6,170.0,2.0,RECHAZO,25.0
AMERICA,ESTADOS UNIDOS,CONSULADO GRAL.,NUEVA YORK,CONSULADO,6.0,6,170.0,900.0,VOTOS NULOS,1.0
AMERICA,ESTADOS UNIDOS,CONSULADO GRAL.,NUEVA YORK,CONSULADO,6.0,6,170.0,901.0,VOTOS EN BLANCO,0.0
AMERICA,ESTADOS UNIDOS,CONSULADO GRAL.,SAN FRANCISCO,LOCAL PRIVADO,1.0,1-3,441.0,1.0,APRUEBO,164.0
AMERICA,ESTADOS UNIDOS,CONSULADO GRAL.,SAN FRANCISCO,LOCAL PRIVADO,1.0,1-3,441.0,2.0,RECHAZO,54.0
AMERICA,ESTADOS UNIDOS,CONSULADO GRAL.,SAN FRANCISCO,LOCAL PRIVADO,1.0,1-3,441.0,900.0,VOTOS NULOS,0.0
AMERICA,ESTADOS UNIDOS,CONSULADO GRAL.,SAN FRANCISCO,LOCAL PRIVADO,1.0,1-3,441.0,901.0,VOTOS EN BLANCO,0.0
AMERICA,ESTADOS UNIDOS,CONSULADO GRAL.,SAN FRANCISCO,LOCAL PRIVADO,2.0,2,320.0,1.0,APRUEBO,142.0
AMERICA,ESTADOS UNIDOS,CONSULADO GRAL.,SAN FRANCISCO,LOCAL PRIVADO,2.0,2,320.0,2.0,RECHAZO,43.0
AMERICA,ESTADOS UNIDOS,CONSULADO GRAL.,SAN FRANCISCO,LOCAL PRIVADO,2.0,2,320.0,900.0,VOTOS NULOS,1.0
AMERICA,ESTADOS UNIDOS,CONSULADO GRAL.,SAN FRANCISCO,LOCAL PRIVADO,2.0,2,320.0,901.0,VOTOS EN BLANCO,0.0
AMERICA,ESTADOS UNIDOS,LOCAL ADICIONAL,SALT LAKE CITY,LOCAL EDUCACIONAL,1.0,1,208.0,1.0,APRUEBO,67.0
AMERICA,ESTADOS UNIDOS,LOCAL ADICIONAL,SALT LAKE CITY,LOCAL EDUCACIONAL,1.0,1,208.0,2.0,RECHAZO,34.0
AMERICA,ESTADOS UNIDOS,LOCAL ADICIONAL,SALT LAKE CITY,LOCAL EDUCACIONAL,1.0,1,208.0,900.0,VOTOS NULOS,0.0
AMERICA,ESTADOS UNIDOS,LOCAL ADICIONAL,SALT LAKE CITY,LOCAL EDUCACIONAL,1.0,1,208.0,901.0,VOTOS EN BLANCO,0.0
AMERICA,ESTADOS UNIDOS,LOCAL ADICIONAL,SEATTLE,LOCAL COMUNITARIO,1.0,1-2,379.0,1.0,APRUEBO,175.0
AMERICA,ESTADOS UNIDOS,LOCAL ADICIONAL,SEATTLE,LOCAL COMUNITARIO,1.0,1-2,379.0,2.0,RECHAZO,56.0
AMERICA,ESTADOS UNIDOS,LOCAL ADICIONAL,SEATTLE,LOCAL COMUNITARIO,1.0,1-2,379.0,900.0,VOTOS NULOS,1.0
AMERICA,ESTADOS UNIDOS,LOCAL ADICIONAL,SEATTLE,LOCAL COMUNITARIO,1.0,1-2,379.0,901.0,VOTOS EN BLANCO,0.0
AMERICA,ESTADOS UNIDOS,SECCIÓN CONSULAR,WASHINGTON,CONSULADO,1.0,1,326.0,1.0,APRUEBO,124.0
AMERICA,ESTADOS UNIDOS,SECCIÓN CONSULAR,WASHINGTON,CONSULADO,1.0,1,326.0,2.0,RECHAZO,62.0
AMERICA,ESTADOS UNIDOS,SECCIÓN CONSULAR,WASHINGTON,CONSULADO,1.0,1,326.0,900.0,VOTOS NULOS,1.0
AMERICA,ESTADOS UNIDOS,SECCIÓN CONSULAR,WASHINGTON,CONSULADO,1.0,1,326.0,901.0,VOTOS EN BLANCO,0.0
AMERICA,ESTADOS UNIDOS,SECCIÓN CONSULAR,WASHINGTON,CONSULADO,2.0,2,321.0,1.0,APRUEBO,107.0
AMERICA,ESTADOS UNIDOS,SECCIÓN CONSULAR,WASHINGTON,CONSULADO,2.0,2,321.0,2.0,RECHAZO,64.0
AMERICA,ESTADOS UNIDOS,SECCIÓN CONSULAR,WASHINGTON,CONSULADO,2.0,2,321.0,900.0,VOTOS NULOS,0.0
AMERICA,ESTADOS UNIDOS,SECCIÓN CONSULAR,WASHINGTON,CONSULADO,2.0,2,321.0,901.0,VOTOS EN BLANCO,0.0
AMERICA,ESTADOS UNIDOS,SECCIÓN CONSULAR,WASHINGTON,CONSULADO,3.0,3,166.0,1.0,APRUEBO,80.0
AMERICA,ESTADOS UNIDOS,SECCIÓN CONSULAR,WASHINGTON,CONSULADO,3.0,3,166.0,2.0,RECHAZO,47.0
AMERICA,ESTADOS UNIDOS,SECCIÓN CONSULAR,WASHINGTON,CONSULADO,3.0,3,166.0,900.0,VOTOS NULOS,0.0
AMERICA,ESTADOS UNIDOS,SECCIÓN CONSULAR,WASHINGTON,CONSULADO,3.0,3,166.0,901.0,VOTOS EN BLANCO,1.0
AMERICA,GUATEMALA,SECCIÓN CONSULAR,GUATEMALA,CONSULADO,1.0,1,135.0,1.0,APRUEBO,31.0
AMERICA,GUATEMALA,SECCIÓN CONSULAR,GUATEMALA,CONSULADO,1.0,1,135.0,2.0,RECHAZO,41.0
AMERICA,GUATEMALA,SECCIÓN CONSULAR,GUATEMALA,CONSULADO,1.0,1,135.0,900.0,VOTOS NULOS,0.0
AMERICA,GUATEMALA,SECCIÓN CONSULAR,GUATEMALA,CONSULADO,1.0,1,135.0,901.0,VOTOS EN BLANCO,0.0
AMERICA,HAITI,SECCIÓN CONSULAR,PUERTO PRINCIPE,CONSULADO,1.0,1,16.0,1.0,APRUEBO,4.0
AMERICA,HAITI,SECCIÓN CONSULAR,PUERTO PRINCIPE,CONSULADO,1.0,1,16.0,2.0,RECHAZO,2.0
AMERICA,HAITI,SECCIÓN CONSULAR,PUERTO PRINCIPE,CONSULADO,1.0,1,16.0,900.0,VOTOS NULOS,0.0
AMERICA,HAITI,SECCIÓN CONSULAR,PUERTO PRINCIPE,CONSULADO,1.0,1,16.0,901.0,VOTOS EN BLANCO,0.0
AMERICA,HONDURAS,SECCIÓN CONSULAR,TEGUCIGALPA,CONSULADO,1.0,1,83.0,1.0,APRUEBO,19.0
AMERICA,HONDURAS,SECCIÓN CONSULAR,TEGUCIGALPA,CONSULADO,1.0,1,83.0,2.0,RECHAZO,9.0
AMERICA,HONDURAS,SECCIÓN CONSULAR,TEGUCIGALPA,CONSULADO,1.0,1,83.0,900.0,VOTOS NULOS,0.0
AMERICA,HONDURAS,SECCIÓN CONSULAR,TEGUCIGALPA,CONSULADO,1.0,1,83.0,901.0,VOTOS EN BLANCO,0.0
AMERICA,JAMAICA,SECCIÓN CONSULAR,KINGSTON,CONSULADO,1.0,1,12.0,1.0,APRUEBO,3.0
AMERICA,JAMAICA,SECCIÓN CONSULAR,KINGSTON,CONSULADO,1.0,1,12.0,2.0,RECHAZO,5.0
AMERICA,JAMAICA,SECCIÓN CONSULAR,KINGSTON,CONSULADO,1.0,1,12.0,900.0,VOTOS NULOS,0.0
AMERICA,JAMAICA,SECCIÓN CONSULAR,KINGSTON,CONSULADO,1.0,1,12.0,901.0,VOTOS EN BLANCO,0.0
AMERICA,MEXICO,CONSULADO GRAL.,CIUDAD DE MEXICO,CONSULADO,1.0,1,342.0,1.0,APRUEBO,121.0
AMERICA,MEXICO,CONSULADO GRAL.,CIUDAD DE MEXICO,CONSULADO,1.0,1,342.0,2.0,RECHAZO,20.0
AMERICA,MEXICO,CONSULADO GRAL.,CIUDAD DE MEXICO,CONSULADO,1.0,1,342.0,900.0,VOTOS NULOS,0.0
AMERICA,MEXICO,CONSULADO GRAL.,CIUDAD DE MEXICO,CONSULADO,1.0,1,342.0,901.0,VOTOS EN BLANCO,0.0
AMERICA,MEXICO,CONSULADO GRAL.,CIUDAD DE MEXICO,CONSULADO,2.0,2,337.0,1.0,APRUEBO,140.0
AMERICA,MEXICO,CONSULADO GRAL.,CIUDAD DE MEXICO,CONSULADO,2.0,2,337.0,2.0,RECHAZO,36.0
AMERICA,MEXICO,CONSULADO GRAL.,CIUDAD DE MEXICO,CONSULADO,2.0,2,337.0,900.0,VOTOS NULOS,0.0
AMERICA,MEXICO,CONSULADO GRAL.,CIUDAD DE MEXICO,CONSULADO,2.0,2,337.0,901.0,VOTOS EN BLANCO,1.0
AMERICA,MEXICO,CONSULADO GRAL.,CIUDAD DE MEXICO,CONSULADO,3.0,3,233.0,1.0,APRUEBO,138.0
AMERICA,MEXICO,CONSULADO GRAL.,CIUDAD DE MEXICO,CONSULADO,3.0,3,233.0,2.0,RECHAZO,16.0
AMERICA,MEXICO,CONSULADO GRAL.,CIUDAD DE MEXICO,CONSULADO,3.0,3,233.0,900.0,VOTOS NULOS,0.0
AMERICA,MEXICO,CONSULADO GRAL.,CIUDAD DE MEXICO,CONSULADO,3.0,3,233.0,901.0,VOTOS EN BLANCO,0.0
AMERICA,NICARAGUA,SECCIÓN CONSULAR,MANAGUA,CONSULADO,1.0,1,47.0,1.0,APRUEBO,28.0
AMERICA,NICARAGUA,SECCIÓN CONSULAR,MANAGUA,CONSULADO,1.0,1,47.0,2.0,RECHAZO,12.0
AMERICA,NICARAGUA,SECCIÓN CONSULAR,MANAGUA,CONSULADO,1.0,1,47.0,900.0,VOTOS NULOS,0.0
AMERICA,NICARAGUA,SECCIÓN CONSULAR,MANAGUA,CONSULADO,1.0,1,47.0,901.0,VOTOS EN BLANCO,0.0
AMERICA,PANAMA,SECCIÓN CONSULAR,CIUDAD DE PANAMA,CONSULADO,1.0,1,297.0,1.0,APRUEBO,67.0
AMERICA,PANAMA,SECCIÓN CONSULAR,CIUDAD DE PANAMA,CONSULADO,1.0,1,297.0,2.0,RECHAZO,78.0
AMERICA,PANAMA,SECCIÓN CONSULAR,CIUDAD DE PANAMA,CONSULADO,1.0,1,297.0,900.0,VOTOS NULOS,1.0
AMERICA,PANAMA,SECCIÓN CONSULAR,CIUDAD DE PANAMA,CONSULADO,1.0,1,297.0,901.0,VOTOS EN BLANCO,0.0
AMERICA,PARAGUAY,SECCIÓN CONSULAR,ASUNCION,CONSULADO,1.0,1-2,362.0,1.0,APRUEBO,78.0
AMERICA,PARAGUAY,SECCIÓN CONSULAR,ASUNCION,CONSULADO,1.0,1-2,362.0,2.0,RECHAZO,77.0
AMERICA,PARAGUAY,SECCIÓN CONSULAR,ASUNCION,CONSULADO,1.0,1-2,362.0,900.0,VOTOS NULOS,0.0
AMERICA,PARAGUAY,SECCIÓN CONSULAR,ASUNCION,CONSULADO,1.0,1-2,362.0,901.0,VOTOS EN BLANCO,0.0
AMERICA,PERU,CONSULADO GRAL.,LIMA,CONSULADO,1.0,1,316.0,1.0,APRUEBO,87.0
AMERICA,PERU,CONSULADO GRAL.,LIMA,CONSULADO,1.0,1,316.0,2.0,RECHAZO,86.0
AMERICA,PERU,CONSULADO GRAL.,LIMA,CONSULADO,1.0,1,316.0,900.0,VOTOS NULOS,0.0
AMERICA,PERU,CONSULADO GRAL.,LIMA,CONSULADO,1.0,1,316.0,901.0,VOTOS EN BLANCO,1.0
AMERICA,PERU,CONSULADO GRAL.,LIMA,CONSULADO,2.0,2,325.0,1.0,APRUEBO,67.0
AMERICA,PERU,CONSULADO GRAL.,LIMA,CONSULADO,2.0,2,325.0,2.0,RECHAZO,99.0
AMERICA,PERU,CONSULADO GRAL.,LIMA,CONSULADO,2.0,2,325.0,900.0,VOTOS NULOS,1.0
AMERICA,PERU,CONSULADO GRAL.,LIMA,CONSULADO,2.0,2,325.0,901.0,VOTOS EN BLANCO,0.0
AMERICA,PERU,CONSULADO GRAL.,LIMA,CONSULADO,3.0,3,202.0,1.0,APRUEBO,66.0
AMERICA,PERU,CONSULADO GRAL.,LIMA,CONSULADO,3.0,3,202.0,2.0,RECHAZO,64.0
AMERICA,PERU,CONSULADO GRAL.,LIMA,CONSULADO,3.0,3,202.0,900.0,VOTOS NULOS,0.0
AMERICA,PERU,CONSULADO GRAL.,LIMA,CONSULADO,3.0,3,202.0,901.0,VOTOS EN BLANCO,0.0
AMERICA,PERU,CONSULADO GRAL.,TACNA,CONSULADO,1.0,1,153.0,1.0,APRUEBO,11.0
AMERICA,PERU,CONSULADO GRAL.,TACNA,CONSULADO,1.0,1,153.0,2.0,RECHAZO,10.0
AMERICA,PERU,CONSULADO GRAL.,TACNA,CONSULADO,1.0,1,153.0,900.0,VOTOS NULOS,1.0
AMERICA,PERU,CONSULADO GRAL.,TACNA,CONSULADO,1.0,1,153.0,901.0,VOTOS EN BLANCO,0.0
AMERICA,REPUBLICA DOMINICANA,SECCIÓN CONSULAR,SANTO DOMINGO,CONSULADO,1.0,1,134.0,1.0,APRUEBO,44.0
AMERICA,REPUBLICA DOMINICANA,SECCIÓN CONSULAR,SANTO DOMINGO,CONSULADO,1.0,1,134.0,2.0,RECHAZO,34.0
AMERICA,REPUBLICA DOMINICANA,SECCIÓN CONSULAR,SANTO DOMINGO,CONSULADO,1.0,1,134.0,900.0,VOTOS NULOS,0.0
AMERICA,REPUBLICA DOMINICANA,SECCIÓN CONSULAR,SANTO DOMINGO,CONSULADO,1.0,1,134.0,901.0,VOTOS EN BLANCO,0.0
AMERICA,URUGUAY,CONSULADO GRAL.,MONTEVIDEO,CONSULADO,1.0,1-2,366.0,1.0,APRUEBO,184.0
AMERICA,URUGUAY,CONSULADO GRAL.,MONTEVIDEO,CONSULADO,1.0,1-2,366.0,2.0,RECHAZO,38.0
AMERICA,URUGUAY,CONSULADO GRAL.,MONTEVIDEO,CONSULADO,1.0,1-2,366.0,900.0,VOTOS NULOS,0.0
AMERICA,URUGUAY,CONSULADO GRAL.,MONTEVIDEO,CONSULADO,1.0,1-2,366.0,901.0,VOTOS EN BLANCO,0.0
AMERICA,VENEZUELA,CONSULADO,PUERTO ORDAZ,LOCAL PRIVADO,1.0,1-2,318.0,1.0,APRUEBO,38.0
AMERICA,VENEZUELA,CONSULADO,PUERTO ORDAZ,LOCAL PRIVADO,1.0,1-2,318.0,2.0,RECHAZO,45.0
AMERICA,VENEZUELA,CONSULADO,PUERTO ORDAZ,LOCAL PRIVADO,1.0,1-2,318.0,900.0,VOTOS NULOS,0.0
AMERICA,VENEZUELA,CONSULADO,PUERTO ORDAZ,LOCAL PRIVADO,1.0,1-2,318.0,901.0,VOTOS EN BLANCO,0.0
AMERICA,VENEZUELA,CONSULADO GRAL.,CARACAS,CONSULADO,1.0,1-3,333.0,1.0,APRUEBO,56.0
AMERICA,VENEZUELA,CONSULADO GRAL.,CARACAS,CONSULADO,1.0,1-3,333.0,2.0,RECHAZO,39.0
AMERICA,VENEZUELA,CONSULADO GRAL.,CARACAS,CONSULADO,1.0,1-3,333.0,900.0,VOTOS NULOS,0.0
AMERICA,VENEZUELA,CONSULADO GRAL.,CARACAS,CONSULADO,1.0,1-3,333.0,901.0,VOTOS EN BLANCO,0.0
AMERICA,VENEZUELA,CONSULADO GRAL.,CARACAS,CONSULADO,2.0,2,320.0,1.0,APRUEBO,24.0
AMERICA,VENEZUELA,CONSULADO GRAL.,CARACAS,CONSULADO,2.0,2,320.0,2.0,RECHAZO,46.0
AMERICA,VENEZUELA,CONSULADO GRAL.,CARACAS,CONSULADO,2.0,2,320.0,900.0,VOTOS NULOS,0.0
AMERICA,VENEZUELA,CONSULADO GRAL.,CARACAS,CONSULADO,2.0,2,320.0,901.0,VOTOS EN BLANCO,0.0
ASIA,COREA,SECCIÓN CONSULAR,SEUL,CONSULADO,1.0,1,69.0,1.0,APRUEBO,36.0
ASIA,COREA,SECCIÓN CONSULAR,SEUL,CONSULADO,1.0,1,69.0,2.0,RECHAZO,6.0
ASIA,COREA,SECCIÓN CONSULAR,SEUL,CONSULADO,1.0,1,69.0,900.0,VOTOS NULOS,0.0
ASIA,COREA,SECCIÓN CONSULAR,SEUL,CONSULADO,1.0,1,69.0,901.0,VOTOS EN BLANCO,0.0
ASIA,EL LIBANO,SECCIÓN CONSULAR,BEIRUT,CONSULADO,1.0,1,50.0,1.0,APRUEBO,6.0
ASIA,EL LIBANO,SECCIÓN CONSULAR,BEIRUT,CONSULADO,1.0,1,50.0,2.0,RECHAZO,11.0
ASIA,EL LIBANO,SECCIÓN CONSULAR,BEIRUT,CONSULADO,1.0,1,50.0,900.0,VOTOS NULOS,0.0
ASIA,EL LIBANO,SECCIÓN CONSULAR,BEIRUT,CONSULADO,1.0,1,50.0,901.0,VOTOS EN BLANCO,0.0
ASIA,EMIRATOS ARABES UNIDOS,SECCIÓN CONSULAR,ABU DHABI,LOCAL PRIVADO,1.0,1,69.0,1.0,APRUEBO,20.0
ASIA,EMIRATOS ARABES UNIDOS,SECCIÓN CONSULAR,ABU DHABI,LOCAL PRIVADO,1.0,1,69.0,2.0,RECHAZO,21.0
ASIA,EMIRATOS ARABES UNIDOS,SECCIÓN CONSULAR,ABU DHABI,LOCAL PRIVADO,1.0,1,69.0,900.0,VOTOS NULOS,0.0
ASIA,EMIRATOS ARABES UNIDOS,SECCIÓN CONSULAR,ABU DHABI,LOCAL PRIVADO,1.0,1,69.0,901.0,VOTOS EN BLANCO,0.0
ASIA,FILIPINAS,SECCIÓN CONSULAR,MANILA,CONSULADO,1.0,1,18.0,1.0,APRUEBO,6.0
ASIA,FILIPINAS,SECCIÓN CONSULAR,MANILA,CONSULADO,1.0,1,18.0,2.0,RECHAZO,3.0
ASIA,FILIPINAS,SECCIÓN CONSULAR,MANILA,CONSULADO,1.0,1,18.0,900.0,VOTOS NULOS,0.0
ASIA,FILIPINAS,SECCIÓN CONSULAR,MANILA,CONSULADO,1.0,1,18.0,901.0,VOTOS EN BLANCO,0.0
ASIA,INDIA,SECCIÓN CONSULAR,NUEVA DELHI,CONSULADO,1.0,1,21.0,1.0,APRUEBO,6.0
ASIA,INDIA,SECCIÓN CONSULAR,NUEVA DELHI,CONSULADO,1.0,1,21.0,2.0,RECHAZO,1.0
ASIA,INDIA,SECCIÓN CONSULAR,NUEVA DELHI,CONSULADO,1.0,1,21.0,900.0,VOTOS NULOS,0.0
ASIA,INDIA,SECCIÓN CONSULAR,NUEVA DELHI,CONSULADO,1.0,1,21.0,901.0,VOTOS EN BLANCO,1.0
ASIA,INDONESIA,SECCIÓN CONSULAR,JAKARTA,CONSULADO,1.0,1,24.0,1.0,APRUEBO,8.0
ASIA,INDONESIA,SECCIÓN CONSULAR,JAKARTA,CONSULADO,1.0,1,24.0,2.0,RECHAZO,5.0
ASIA,INDONESIA,SECCIÓN CONSULAR,JAKARTA,CONSULADO,1.0,1,24.0,900.0,VOTOS NULOS,0.0
ASIA,INDONESIA,SECCIÓN CONSULAR,JAKARTA,CONSULADO,1.0,1,24.0,901.0,VOTOS EN BLANCO,0.0
ASIA,ISRAEL,SECCIÓN CONSULAR,TEL AVIV,CONSULADO,1.0,1,196.0,1.0,APRUEBO,40.0
ASIA,ISRAEL,SECCIÓN CONSULAR,TEL AVIV,CONSULADO,1.0,1,196.0,2.0,RECHAZO,23.0
ASIA,ISRAEL,SECCIÓN CONSULAR,TEL AVIV,CONSULADO,1.0,1,196.0,900.0,VOTOS NULOS,1.0
ASIA,ISRAEL,SECCIÓN CONSULAR,TEL AVIV,CONSULADO,1.0,1,196.0,901.0,VOTOS EN BLANCO,0.0
ASIA,JAPON,SECCIÓN CONSULAR,TOKIO,CONSULADO,1.0,1,247.0,1.0,APRUEBO,124.0
ASIA,JAPON,SECCIÓN CONSULAR,TOKIO,CONSULADO,1.0,1,247.0,2.0,RECHAZO,16.0
ASIA,JAPON,SECCIÓN CONSULAR,TOKIO,CONSULADO,1.0,1,247.0,900.0,VOTOS NULOS,0.0
ASIA,JAPON,SECCIÓN CONSULAR,TOKIO,CONSULADO,1.0,1,247.0,901.0,VOTOS EN BLANCO,0.0
ASIA,JORDANIA,SECCIÓN CONSULAR,AMMAN,CONSULADO,1.0,1,19.0,1.0,APRUEBO,4.0
ASIA,JORDANIA,SECCIÓN CONSULAR,AMMAN,CONSULADO,1.0,1,19.0,2.0,RECHAZO,3.0
ASIA,JORDANIA,SECCIÓN CONSULAR,AMMAN,CONSULADO,1.0,1,19.0,900.0,VOTOS NULOS,0.0
ASIA,JORDANIA,SECCIÓN CONSULAR,AMMAN,CONSULADO,1.0,1,19.0,901.0,VOTOS EN BLANCO,0.0
ASIA,MALASIA,SECCIÓN CONSULAR,KUALA LUMPUR,CONSULADO,1.0,1,20.0,1.0,APRUEBO,11.0
ASIA,MALASIA,SECCIÓN CONSULAR,KUALA LUMPUR,CONSULADO,1.0,1,20.0,2.0,RECHAZO,5.0
ASIA,MALASIA,SECCIÓN CONSULAR,KUALA LUMPUR,CONSULADO,1.0,1,20.0,900.0,VOTOS NULOS,0.0
ASIA,MALASIA,SECCIÓN CONSULAR,KUALA LUMPUR,CONSULADO,1.0,1,20.0,901.0,VOTOS EN BLANCO,0.0
ASIA,REPUBLICA POPULAR CHINA,CONSULADO GRAL.,GUANGZHOU,CONSULADO,1.0,1,27.0,1.0,APRUEBO,0.0
ASIA,REPUBLICA POPULAR CHINA,CONSULADO GRAL.,GUANGZHOU,CONSULADO,1.0,1,27.0,2.0,RECHAZO,6.0
ASIA,REPUBLICA POPULAR CHINA,CONSULADO GRAL.,GUANGZHOU,CONSULADO,1.0,1,27.0,900.0,VOTOS NULOS,0.0
ASIA,REPUBLICA POPULAR CHINA,CONSULADO GRAL.,GUANGZHOU,CONSULADO,1.0,1,27.0,901.0,VOTOS EN BLANCO,0.0
ASIA,REPUBLICA POPULAR CHINA,CONSULADO GRAL.,HONG KONG,CONSULADO,1.0,1,53.0,1.0,APRUEBO,20.0
ASIA,REPUBLICA POPULAR CHINA,CONSULADO GRAL.,HONG KONG,CONSULADO,1.0,1,53.0,2.0,RECHAZO,15.0
ASIA,REPUBLICA POPULAR CHINA,CONSULADO GRAL.,HONG KONG,CONSULADO,1.0,1,53.0,900.0,VOTOS NULOS,0.0
ASIA,REPUBLICA POPULAR CHINA,CONSULADO GRAL.,HONG KONG,CONSULADO,1.0,1,53.0,901.0,VOTOS EN BLANCO,0.0
ASIA,REPUBLICA POPULAR CHINA,CONSULADO GRAL.,SHANGHAI,CONSULADO,1.0,1,125.0,1.0,APRUEBO,35.0
ASIA,REPUBLICA POPULAR CHINA,CONSULADO GRAL.,SHANGHAI,CONSULADO,1.0,1,125.0,2.0,RECHAZO,47.0
ASIA,REPUBLICA POPULAR CHINA,CONSULADO GRAL.,SHANGHAI,CONSULADO,1.0,1,125.0,900.0,VOTOS NULOS,0.0
ASIA,REPUBLICA POPULAR CHINA,CONSULADO GRAL.,SHANGHAI,CONSULADO,1.0,1,125.0,901.0,VOTOS EN BLANCO,0.0
ASIA,REPUBLICA POPULAR CHINA,SECCIÓN CONSULAR,BEIJING,CONSULADO,1.0,1,61.0,1.0,APRUEBO,24.0
ASIA,REPUBLICA POPULAR CHINA,SECCIÓN CONSULAR,BEIJING,CONSULADO,1.0,1,61.0,2.0,RECHAZO,9.0
ASIA,REPUBLICA POPULAR CHINA,SECCIÓN CONSULAR,BEIJING,CONSULADO,1.0,1,61.0,900.0,VOTOS NULOS,0.0
ASIA,REPUBLICA POPULAR CHINA,SECCIÓN CONSULAR,BEIJING,CONSULADO,1.0,1,61.0,901.0,VOTOS EN BLANCO,0.0
ASIA,SINGAPUR,SECCIÓN CONSULAR,SINGAPUR,CONSULADO,1.0,1,66.0,1.0,APRUEBO,27.0
ASIA,SINGAPUR,SECCIÓN CONSULAR,SINGAPUR,CONSULADO,1.0,1,66.0,2.0,RECHAZO,23.0
ASIA,SINGAPUR,SECCIÓN CONSULAR,SINGAPUR,CONSULADO,1.0,1,66.0,900.0,VOTOS NULOS,0.0
ASIA,SINGAPUR,SECCIÓN CONSULAR,SINGAPUR,CONSULADO,1.0,1,66.0,901.0,VOTOS EN BLANCO,0.0
ASIA,TAILANDIA,SECCIÓN CONSULAR,BANGKOK,CONSULADO,1.0,1,40.0,1.0,APRUEBO,22.0
ASIA,TAILANDIA,SECCIÓN CONSULAR,BANGKOK,CONSULADO,1.0,1,40.0,2.0,RECHAZO,5.0
ASIA,TAILANDIA,SECCIÓN CONSULAR,BANGKOK,CONSULADO,1.0,1,40.0,900.0,VOTOS NULOS,0.0
ASIA,TAILANDIA,SECCIÓN CONSULAR,BANGKOK,CONSULADO,1.0,1,40.0,901.0,VOTOS EN BLANCO,0.0
ASIA,VIETNAM,SECCIÓN CONSULAR,HANOI,CONSULADO,1.0,1,20.0,1.0,APRUEBO,11.0
ASIA,VIETNAM,SECCIÓN CONSULAR,HANOI,CONSULADO,1.0,1,20.0,2.0,RECHAZO,0.0
ASIA,VIETNAM,SECCIÓN CONSULAR,HANOI,CONSULADO,1.0,1,20.0,900.0,VOTOS NULOS,0.0
ASIA,VIETNAM,SECCIÓN CONSULAR,HANOI,CONSULADO,1.0,1,20.0,901.0,VOTOS EN BLANCO,0.0
EUROPA,ALEMANIA,CONSULADO GRAL.,FRANKFURT,CONSULADO,1.0,1-3,377.0,1.0,APRUEBO,167.0
EUROPA,ALEMANIA,CONSULADO GRAL.,FRANKFURT,CONSULADO,1.0,1-3,377.0,2.0,RECHAZO,36.0
EUROPA,ALEMANIA,CONSULADO GRAL.,FRANKFURT,CONSULADO,1.0,1-3,377.0,900.0,VOTOS NULOS,0.0
EUROPA,ALEMANIA,CONSULADO GRAL.,FRANKFURT,CONSULADO,1.0,1-3,377.0,901.0,VOTOS EN BLANCO,0.0
EUROPA,ALEMANIA,CONSULADO GRAL.,FRANKFURT,CONSULADO,2.0,2,345.0,1.0,APRUEBO,220.0
EUROPA,ALEMANIA,CONSULADO GRAL.,FRANKFURT,CONSULADO,2.0,2,345.0,2.0,RECHAZO,33.0
EUROPA,ALEMANIA,CONSULADO GRAL.,FRANKFURT,CONSULADO,2.0,2,345.0,900.0,VOTOS NULOS,1.0
EUROPA,ALEMANIA,CONSULADO GRAL.,FRANKFURT,CONSULADO,2.0,2,345.0,901.0,VOTOS EN BLANCO,1.0
EUROPA,ALEMANIA,CONSULADO GRAL.,HAMBURGO,CONSULADO,1.0,1,348.0,1.0,APRUEBO,156.0
EUROPA,ALEMANIA,CONSULADO GRAL.,HAMBURGO,CONSULADO,1.0,1,348.0,2.0,RECHAZO,36.0
EUROPA,ALEMANIA,CONSULADO GRAL.,HAMBURGO,CONSULADO,1.0,1,348.0,900.0,VOTOS NULOS,0.0
EUROPA,ALEMANIA,CONSULADO GRAL.,HAMBURGO,CONSULADO,1.0,1,348.0,901.0,VOTOS EN BLANCO,0.0
EUROPA,ALEMANIA,CONSULADO GRAL.,HAMBURGO,CONSULADO,2.0,2,342.0,1.0,APRUEBO,210.0
EUROPA,ALEMANIA,CONSULADO GRAL.,HAMBURGO,CONSULADO,2.0,2,342.0,2.0,RECHAZO,43.0
EUROPA,ALEMANIA,CONSULADO GRAL.,HAMBURGO,CONSULADO,2.0,2,342.0,900.0,VOTOS NULOS,1.0
EUROPA,ALEMANIA,CONSULADO GRAL.,HAMBURGO,CONSULADO,2.0,2,342.0,901.0,VOTOS EN BLANCO,0.0
EUROPA,ALEMANIA,CONSULADO GRAL.,MUNICH,CONSULADO,1.0,1-3,444.0,1.0,APRUEBO,207.0
EUROPA,ALEMANIA,CONSULADO GRAL.,MUNICH,CONSULADO,1.0,1-3,444.0,2.0,RECHAZO,47.0
EUROPA,ALEMANIA,CONSULADO GRAL.,MUNICH,CONSULADO,1.0,1-3,444.0,900.0,VOTOS NULOS,1.0
EUROPA,ALEMANIA,CONSULADO GRAL.,MUNICH,CONSULADO,1.0,1-3,444.0,901.0,VOTOS EN BLANCO,0.0
EUROPA,ALEMANIA,CONSULADO GRAL.,MUNICH,CONSULADO,2.0,2,340.0,1.0,APRUEBO,222.0
EUROPA,ALEMANIA,CONSULADO GRAL.,MUNICH,CONSULADO,2.0,2,340.0,2.0,RECHAZO,20.0
EUROPA,ALEMANIA,CONSULADO GRAL.,MUNICH,CONSULADO,2.0,2,340.0,900.0,VOTOS NULOS,0.0
EUROPA,ALEMANIA,CONSULADO GRAL.,MUNICH,CONSULADO,2.0,2,340.0,901.0,VOTOS EN BLANCO,0.0
EUROPA,ALEMANIA,SECCIÓN CONSULAR,BERLIN,CONSULADO,1.0,1,347.0,1.0,APRUEBO,232.0
EUROPA,ALEMANIA,SECCIÓN CONSULAR,BERLIN,CONSULADO,1.0,1,347.0,2.0,RECHAZO,21.0
EUROPA,ALEMANIA,SECCIÓN CONSULAR,BERLIN,CONSULADO,1.0,1,347.0,900.0,VOTOS NULOS,0.0
EUROPA,ALEMANIA,SECCIÓN CONSULAR,BERLIN,CONSULADO,1.0,1,347.0,901.0,VOTOS EN BLANCO,0.0
EUROPA,ALEMANIA,SECCIÓN CONSULAR,BERLIN,CONSULADO,2.0,2,348.0,1.0,APRUEBO,244.0
EUROPA,ALEMANIA,SECCIÓN CONSULAR,BERLIN,CONSULADO,2.0,2,348.0,2.0,RECHAZO,18.0
EUROPA,ALEMANIA,SECCIÓN CONSULAR,BERLIN,CONSULADO,2.0,2,348.0,900.0,VOTOS NULOS,0.0
EUROPA,ALEMANIA,SECCIÓN CONSULAR,BERLIN,CONSULADO,2.0,2,348.0,901.0,VOTOS EN BLANCO,0.0
EUROPA,ALEMANIA,SECCIÓN CONSULAR,BERLIN,CONSULADO,3.0,3,348.0,1.0,APRUEBO,273.0
EUROPA,ALEMANIA,SECCIÓN CONSULAR,BERLIN,CONSULADO,3.0,3,348.0,2.0,RECHAZO,9.0
EUROPA,ALEMANIA,SECCIÓN CONSULAR,BERLIN,CONSULADO,3.0,3,348.0,900.0,VOTOS NULOS,0.0
EUROPA,ALEMANIA,SECCIÓN CONSULAR,BERLIN,CONSULADO,3.0,3,348.0,901.0,VOTOS EN BLANCO,0.0
EUROPA,ALEMANIA,SECCIÓN CONSULAR,BERLIN,CONSULADO,4.0,4,347.0,1.0,APRUEBO,270.0
EUROPA,ALEMANIA,SECCIÓN CONSULAR,BERLIN,CONSULADO,4.0,4,347.0,2.0,RECHAZO,8.0
EUROPA,ALEMANIA,SECCIÓN CONSULAR,BERLIN,CONSULADO,4.0,4,347.0,900.0,VOTOS NULOS,1.0
EUROPA,ALEMANIA,SECCIÓN CONSULAR,BERLIN,CONSULADO,4.0,4,347.0,901.0,VOTOS EN BLANCO,0.0
EUROPA,ALEMANIA,SECCIÓN CONSULAR,BERLIN,CONSULADO,5.0,5,325.0,1.0,APRUEBO,257.0
EUROPA,ALEMANIA,SECCIÓN CONSULAR,BERLIN,CONSULADO,5.0,5,325.0,2.0,RECHAZO,15.0
EUROPA,ALEMANIA,SECCIÓN CONSULAR,BERLIN,CONSULADO,5.0,5,325.0,900.0,VOTOS NULOS,0.0
EUROPA,ALEMANIA,SECCIÓN CONSULAR,BERLIN,CONSULADO,5.0,5,325.0,901.0,VOTOS EN BLANCO,0.0
EUROPA,AUSTRIA,SECCIÓN CONSULAR,VIENA,CONSULADO,1.0,1,308.0,1.0,APRUEBO,185.0
EUROPA,AUSTRIA,SECCIÓN CONSULAR,VIENA,CONSULADO,1.0,1,308.0,2.0,RECHAZO,30.0
EUROPA,AUSTRIA,SECCIÓN CONSULAR,VIENA,CONSULADO,1.0,1,308.0,900.0,VOTOS NULOS,0.0
EUROPA,AUSTRIA,SECCIÓN CONSULAR,VIENA,CONSULADO,1.0,1,308.0,901.0,VOTOS EN BLANCO,0.0
EUROPA,BELGICA,SECCIÓN CONSULAR,BRUSELAS,LOCAL EDUCACIONAL,1.0,1,346.0,1.0,APRUEBO,207.0
EUROPA,BELGICA,SECCIÓN CONSULAR,BRUSELAS,LOCAL EDUCACIONAL,1.0,1,346.0,2.0,RECHAZO,11.0
EUROPA,BELGICA,SECCIÓN CONSULAR,BRUSELAS,LOCAL EDUCACIONAL,1.0,1,346.0,900.0,VOTOS NULOS,0.0
EUROPA,BELGICA,SECCIÓN CONSULAR,BRUSELAS,LOCAL EDUCACIONAL,1.0,1,346.0,901.0,VOTOS EN BLANCO,0.0
EUROPA,BELGICA,SECCIÓN CONSULAR,BRUSELAS,LOCAL EDUCACIONAL,2.0,2,347.0,1.0,APRUEBO,231.0
EUROPA,BELGICA,SECCIÓN CONSULAR,BRUSELAS,LOCAL EDUCACIONAL,2.0,2,347.0,2.0,RECHAZO,21.0
EUROPA,BELGICA,SECCIÓN CONSULAR,BRUSELAS,LOCAL EDUCACIONAL,2.0,2,347.0,900.0,VOTOS NULOS,0.0
EUROPA,BELGICA,SECCIÓN CONSULAR,BRUSELAS,LOCAL EDUCACIONAL,2.0,2,347.0,901.0,VOTOS EN BLANCO,1.0
EUROPA,BELGICA,SECCIÓN CONSULAR,BRUSELAS,LOCAL EDUCACIONAL,3.0,3,256.0,1.0,APRUEBO,194.0
EUROPA,BELGICA,SECCIÓN CONSULAR,BRUSELAS,LOCAL EDUCACIONAL,3.0,3,256.0,2.0,RECHAZO,11.0
EUROPA,BELGICA,SECCIÓN CONSULAR,BRUSELAS,LOCAL EDUCACIONAL,3.0,3,256.0,900.0,VOTOS NULOS,0.0
EUROPA,BELGICA,SECCIÓN CONSULAR,BRUSELAS,LOCAL EDUCACIONAL,3.0,3,256.0,901.0,VOTOS EN BLANCO,0.0
EUROPA,CROACIA,SECCIÓN CONSULAR,ZAGREB,CONSULADO,1.0,1,46.0,1.0,APRUEBO,13.0
EUROPA,CROACIA,SECCIÓN CONSULAR,ZAGREB,CONSULADO,1.0,1,46.0,2.0,RECHAZO,13.0
EUROPA,CROACIA,SECCIÓN CONSULAR,ZAGREB,CONSULADO,1.0,1,46.0,900.0,VOTOS NULOS,0.0
EUROPA,CROACIA,SECCIÓN CONSULAR,ZAGREB,CONSULADO,1.0,1,46.0,901.0,VOTOS EN BLANCO,0.0
EUROPA,DINAMARCA,SECCIÓN CONSULAR,COPENHAGUE,CONSULADO,1.0,1-2,376.0,1.0,APRUEBO,220.0
EUROPA,DINAMARCA,SECCIÓN CONSULAR,COPENHAGUE,CONSULADO,1.0,1-2,376.0,2.0,RECHAZO,27.0
EUROPA,DINAMARCA,SECCIÓN CONSULAR,COPENHAGUE,CONSULADO,1.0,1-2,376.0,900.0,VOTOS NULOS,1.0
EUROPA,DINAMARCA,SECCIÓN CONSULAR,COPENHAGUE,CONSULADO,1.0,1-2,376.0,901.0,VOTOS EN BLANCO,0.0
EUROPA,ESPAÑA,CONSULADO GRAL.,BARCELONA,LOCAL PRIVADO,1.0,1,348.0,1.0,APRUEBO,134.0
EUROPA,ESPAÑA,CONSULADO GRAL.,BARCELONA,LOCAL PRIVADO,1.0,1,348.0,2.0,RECHAZO,14.0
EUROPA,ESPAÑA,CONSULADO GRAL.,BARCELONA,LOCAL PRIVADO,1.0,1,348.0,900.0,VOTOS NULOS,0.0
EUROPA,ESPAÑA,CONSULADO GRAL.,BARCELONA,LOCAL PRIVADO,1.0,1,348.0,901.0,VOTOS EN BLANCO,1.0
EUROPA,ESPAÑA,CONSULADO GRAL.,BARCELONA,LOCAL PRIVADO,2.0,2,346.0,1.0,APRUEBO,134.0
EUROPA,ESPAÑA,CONSULADO GRAL.,BARCELONA,LOCAL PRIVADO,2.0,2,346.0,2.0,RECHAZO,14.0
EUROPA,ESPAÑA,CONSULADO GRAL.,BARCELONA,LOCAL PRIVADO,2.0,2,346.0,900.0,VOTOS NULOS,0.0
EUROPA,ESPAÑA,CONSULADO GRAL.,BARCELONA,LOCAL PRIVADO,2.0,2,346.0,901.0,VOTOS EN BLANCO,0.0
EUROPA,ESPAÑA,CONSULADO GRAL.,BARCELONA,LOCAL PRIVADO,3.0,3,349.0,1.0,APRUEBO,122.0
EUROPA,ESPAÑA,CONSULADO GRAL.,BARCELONA,LOCAL PRIVADO,3.0,3,349.0,2.0,RECHAZO,14.0
EUROPA,ESPAÑA,CONSULADO GRAL.,BARCELONA,LOCAL PRIVADO,3.0,3,349.0,900.0,VOTOS NULOS,0.0
EUROPA,ESPAÑA,CONSULADO GRAL.,BARCELONA,LOCAL PRIVADO,3.0,3,349.0,901.0,VOTOS EN BLANCO,0.0
EUROPA,ESPAÑA,CONSULADO GRAL.,BARCELONA,LOCAL PRIVADO,4.0,4,348.0,1.0,APRUEBO,127.0
EUROPA,ESPAÑA,CONSULADO GRAL.,BARCELONA,LOCAL PRIVADO,4.0,4,348.0,2.0,RECHAZO,9.0
EUROPA,ESPAÑA,CONSULADO GRAL.,BARCELONA,LOCAL PRIVADO,4.0,4,348.0,900.0,VOTOS NULOS,0.0
EUROPA,ESPAÑA,CONSULADO GRAL.,BARCELONA,LOCAL PRIVADO,4.0,4,348.0,901.0,VOTOS EN BLANCO,0.0
EUROPA,ESPAÑA,CONSULADO GRAL.,BARCELONA,LOCAL PRIVADO,5.0,5,345.0,1.0,APRUEBO,169.0
EUROPA,ESPAÑA,CONSULADO GRAL.,BARCELONA,LOCAL PRIVADO,5.0,5,345.0,2.0,RECHAZO,22.0
EUROPA,ESPAÑA,CONSULADO GRAL.,BARCELONA,LOCAL PRIVADO,5.0,5,345.0,900.0,VOTOS NULOS,0.0
EUROPA,ESPAÑA,CONSULADO GRAL.,BARCELONA,LOCAL PRIVADO,5.0,5,345.0,901.0,VOTOS EN BLANCO,0.0
EUROPA,ESPAÑA,CONSULADO GRAL.,BARCELONA,LOCAL PRIVADO,6.0,6,335.0,1.0,APRUEBO,199.0
EUROPA,ESPAÑA,CONSULADO GRAL.,BARCELONA,LOCAL PRIVADO,6.0,6,335.0,2.0,RECHAZO,17.0
EUROPA,ESPAÑA,CONSULADO GRAL.,BARCELONA,LOCAL PRIVADO,6.0,6,335.0,900.0,VOTOS NULOS,0.0
EUROPA,ESPAÑA,CONSULADO GRAL.,BARCELONA,LOCAL PRIVADO,6.0,6,335.0,901.0,VOTOS EN BLANCO,0.0
EUROPA,ESPAÑA,CONSULADO GRAL.,BARCELONA,LOCAL PRIVADO,7.0,7,325.0,1.0,APRUEBO,229.0
EUROPA,ESPAÑA,CONSULADO GRAL.,BARCELONA,LOCAL PRIVADO,7.0,7,325.0,2.0,RECHAZO,12.0
EUROPA,ESPAÑA,CONSULADO GRAL.,BARCELONA,LOCAL PRIVADO,7.0,7,325.0,900.0,VOTOS NULOS,0.0
EUROPA,ESPAÑA,CONSULADO GRAL.,BARCELONA,LOCAL PRIVADO,7.0,7,325.0,901.0,VOTOS EN BLANCO,0.0
EUROPA,ESPAÑA,CONSULADO GRAL.,BARCELONA,LOCAL PRIVADO,8.0,8,342.0,1.0,APRUEBO,236.0
EUROPA,ESPAÑA,CONSULADO GRAL.,BARCELONA,LOCAL PRIVADO,8.0,8,342.0,2.0,RECHAZO,19.0
EUROPA,ESPAÑA,CONSULADO GRAL.,BARCELONA,LOCAL PRIVADO,8.0,8,342.0,900.0,VOTOS NULOS,1.0
EUROPA,ESPAÑA,CONSULADO GRAL.,BARCELONA,LOCAL PRIVADO,8.0,8,342.0,901.0,VOTOS EN BLANCO,0.0
EUROPA,ESPAÑA,CONSULADO GRAL.,BARCELONA,LOCAL PRIVADO,9.0,9,340.0,1.0,APRUEBO,233.0
EUROPA,ESPAÑA,CONSULADO GRAL.,BARCELONA,LOCAL PRIVADO,9.0,9,340.0,2.0,RECHAZO,11.0
EUROPA,ESPAÑA,CONSULADO GRAL.,BARCELONA,LOCAL PRIVADO,9.0,9,340.0,900.0,VOTOS NULOS,0.0
EUROPA,ESPAÑA,CONSULADO GRAL.,BARCELONA,LOCAL PRIVADO,9.0,9,340.0,901.0,VOTOS EN BLANCO,0.0
EUROPA,ESPAÑA,CONSULADO GRAL.,BARCELONA,LOCAL PRIVADO,10.0,10,341.0,1.0,APRUEBO,238.0
EUROPA,ESPAÑA,CONSULADO GRAL.,BARCELONA,LOCAL PRIVADO,10.0,10,341.0,2.0,RECHAZO,15.0
EUROPA,ESPAÑA,CONSULADO GRAL.,BARCELONA,LOCAL PRIVADO,10.0,10,341.0,900.0,VOTOS NULOS,0.0
EUROPA,ESPAÑA,CONSULADO GRAL.,BARCELONA,LOCAL PRIVADO,10.0,10,341.0,901.0,VOTOS EN BLANCO,0.0
EUROPA,ESPAÑA,CONSULADO GRAL.,BARCELONA,LOCAL PRIVADO,11.0,11,338.0,1.0,APRUEBO,213.0
EUROPA,ESPAÑA,CONSULADO GRAL.,BARCELONA,LOCAL PRIVADO,11.0,11,338.0,2.0,RECHAZO,15.0
EUROPA,ESPAÑA,CONSULADO GRAL.,BARCELONA,LOCAL PRIVADO,11.0,11,338.0,900.0,VOTOS NULOS,0.0
EUROPA,ESPAÑA,CONSULADO GRAL.,BARCELONA,LOCAL PRIVADO,11.0,11,338.0,901.0,VOTOS EN BLANCO,0.0
EUROPA,ESPAÑA,CONSULADO GRAL.,BARCELONA,LOCAL PRIVADO,12.0,12,264.0,1.0,APRUEBO,161.0
EUROPA,ESPAÑA,CONSULADO GRAL.,BARCELONA,LOCAL PRIVADO,12.0,12,264.0,2.0,RECHAZO,18.0
EUROPA,ESPAÑA,CONSULADO GRAL.,BARCELONA,LOCAL PRIVADO,12.0,12,264.0,900.0,VOTOS NULOS,0.0
EUROPA,ESPAÑA,CONSULADO GRAL.,BARCELONA,LOCAL PRIVADO,12.0,12,264.0,901.0,VOTOS EN BLANCO,0.0
EUROPA,ESPAÑA,CONSULADO GRAL.,MADRID,CONSULADO,1.0,1,346.0,1.0,APRUEBO,107.0
EUROPA,ESPAÑA,CONSULADO GRAL.,MADRID,CONSULADO,1.0,1,346.0,2.0,RECHAZO,21.0
EUROPA,ESPAÑA,CONSULADO GRAL.,MADRID,CONSULADO,1.0,1,346.0,900.0,VOTOS NULOS,0.0
EUROPA,ESPAÑA,CONSULADO GRAL.,MADRID,CONSULADO,1.0,1,346.0,901.0,VOTOS EN BLANCO,0.0
EUROPA,ESPAÑA,CONSULADO GRAL.,MADRID,CONSULADO,2.0,2,340.0,1.0,APRUEBO,124.0
EUROPA,ESPAÑA,CONSULADO GRAL.,MADRID,CONSULADO,2.0,2,340.0,2.0,RECHAZO,28.0
EUROPA,ESPAÑA,CONSULADO GRAL.,MADRID,CONSULADO,2.0,2,340.0,900.0,VOTOS NULOS,0.0
EUROPA,ESPAÑA,CONSULADO GRAL.,MADRID,CONSULADO,2.0,2,340.0,901.0,VOTOS EN BLANCO,0.0
EUROPA,ESPAÑA,CONSULADO GRAL.,MADRID,CONSULADO,3.0,3,345.0,1.0,APRUEBO,133.0
EUROPA,ESPAÑA,CONSULADO GRAL.,MADRID,CONSULADO,3.0,3,345.0,2.0,RECHAZO,31.0
EUROPA,ESPAÑA,CONSULADO GRAL.,MADRID,CONSULADO,3.0,3,345.0,900.0,VOTOS NULOS,0.0
EUROPA,ESPAÑA,CONSULADO GRAL.,MADRID,CONSULADO,3.0,3,345.0,901.0,VOTOS EN BLANCO,0.0
EUROPA,ESPAÑA,CONSULADO GRAL.,MADRID,CONSULADO,4.0,4,336.0,1.0,APRUEBO,166.0
EUROPA,ESPAÑA,CONSULADO GRAL.,MADRID,CONSULADO,4.0,4,336.0,2.0,RECHAZO,28.0
EUROPA,ESPAÑA,CONSULADO GRAL.,MADRID,CONSULADO,4.0,4,336.0,900.0,VOTOS NULOS,0.0
EUROPA,ESPAÑA,CONSULADO GRAL.,MADRID,CONSULADO,4.0,4,336.0,901.0,VOTOS EN BLANCO,1.0
EUROPA,ESPAÑA,CONSULADO GRAL.,MADRID,CONSULADO,5.0,5,337.0,1.0,APRUEBO,162.0
EUROPA,ESPAÑA,CONSULADO GRAL.,MADRID,CONSULADO,5.0,5,337.0,2.0,RECHAZO,26.0
EUROPA,ESPAÑA,CONSULADO GRAL.,MADRID,CONSULADO,5.0,5,337.0,900.0,VOTOS NULOS,0.0
EUROPA,ESPAÑA,CONSULADO GRAL.,MADRID,CONSULADO,5.0,5,337.0,901.0,VOTOS EN BLANCO,0.0
EUROPA,ESPAÑA,CONSULADO GRAL.,MADRID,CONSULADO,6.0,6,343.0,1.0,APRUEBO,200.0
EUROPA,ESPAÑA,CONSULADO GRAL.,MADRID,CONSULADO,6.0,6,343.0,2.0,RECHAZO,27.0
EUROPA,ESPAÑA,CONSULADO GRAL.,MADRID,CONSULADO,6.0,6,343.0,900.0,VOTOS NULOS,0.0
EUROPA,ESPAÑA,CONSULADO GRAL.,MADRID,CONSULADO,6.0,6,343.0,901.0,VOTOS EN BLANCO,0.0
EUROPA,ESPAÑA,CONSULADO GRAL.,MADRID,CONSULADO,7.0,7,244.0,1.0,APRUEBO,106.0
EUROPA,ESPAÑA,CONSULADO GRAL.,MADRID,CONSULADO,7.0,7,244.0,2.0,RECHAZO,27.0
EUROPA,ESPAÑA,CONSULADO GRAL.,MADRID,CONSULADO,7.0,7,244.0,900.0,VOTOS NULOS,0.0
EUROPA,ESPAÑA,CONSULADO GRAL.,MADRID,CONSULADO,7.0,7,244.0,901.0,VOTOS EN BLANCO,0.0
EUROPA,FEDERACION RUSA,SECCIÓN CONSULAR,MOSCU,CONSULADO,1.0,1,54.0,1.0,APRUEBO,19.0
EUROPA,FEDERACION RUSA,SECCIÓN CONSULAR,MOSCU,CONSULADO,1.0,1,54.0,2.0,RECHAZO,8.0
EUROPA,FEDERACION RUSA,SECCIÓN CONSULAR,MOSCU,CONSULADO,1.0,1,54.0,900.0,VOTOS NULOS,0.0
EUROPA,FEDERACION RUSA,SECCIÓN CONSULAR,MOSCU,CONSULADO,1.0,1,54.0,901.0,VOTOS EN BLANCO,0.0
EUROPA,FINLANDIA,SECCIÓN CONSULAR,HELSINKI,CONSULADO,1.0,1,204.0,1.0,APRUEBO,138.0
EUROPA,FINLANDIA,SECCIÓN CONSULAR,HELSINKI,CONSULADO,1.0,1,204.0,2.0,RECHAZO,21.0
EUROPA,FINLANDIA,SECCIÓN CONSULAR,HELSINKI,CONSULADO,1.0,1,204.0,900.0,VOTOS NULOS,1.0
EUROPA,FINLANDIA,SECCIÓN CONSULAR,HELSINKI,CONSULADO,1.0,1,204.0,901.0,VOTOS EN BLANCO,0.0
EUROPA,FRANCIA,CONSULADO GRAL.,PARIS,LOCAL PRIVADO,1.0,1-8,390.0,1.0,APRUEBO,216.0
EUROPA,FRANCIA,CONSULADO GRAL.,PARIS,LOCAL PRIVADO,1.0,1-8,390.0,2.0,RECHAZO,4.0
EUROPA,FRANCIA,CONSULADO GRAL.,PARIS,LOCAL PRIVADO,1.0,1-8,390.0,900.0,VOTOS NULOS,0.0
EUROPA,FRANCIA,CONSULADO GRAL.,PARIS,LOCAL PRIVADO,1.0,1-8,390.0,901.0,VOTOS EN BLANCO,0.0
EUROPA,FRANCIA,CONSULADO GRAL.,PARIS,LOCAL PRIVADO,2.0,2,348.0,1.0,APRUEBO,189.0
EUROPA,FRANCIA,CONSULADO GRAL.,PARIS,LOCAL PRIVADO,2.0,2,348.0,2.0,RECHAZO,14.0
EUROPA,FRANCIA,CONSULADO GRAL.,PARIS,LOCAL PRIVADO,2.0,2,348.0,900.0,VOTOS NULOS,0.0
EUROPA,FRANCIA,CONSULADO GRAL.,PARIS,LOCAL PRIVADO,2.0,2,348.0,901.0,VOTOS EN BLANCO,0.0
EUROPA,FRANCIA,CONSULADO GRAL.,PARIS,LOCAL PRIVADO,3.0,3,349.0,1.0,APRUEBO,168.0
EUROPA,FRANCIA,CONSULADO GRAL.,PARIS,LOCAL PRIVADO,3.0,3,349.0,2.0,RECHAZO,7.0
EUROPA,FRANCIA,CONSULADO GRAL.,PARIS,LOCAL PRIVADO,3.0,3,349.0,900.0,VOTOS NULOS,0.0
EUROPA,FRANCIA,CONSULADO GRAL.,PARIS,LOCAL PRIVADO,3.0,3,349.0,901.0,VOTOS EN BLANCO,0.0
EUROPA,FRANCIA,CONSULADO GRAL.,PARIS,LOCAL PRIVADO,4.0,4,347.0,1.0,APRUEBO,191.0
EUROPA,FRANCIA,CONSULADO GRAL.,PARIS,LOCAL PRIVADO,4.0,4,347.0,2.0,RECHAZO,18.0
EUROPA,FRANCIA,CONSULADO GRAL.,PARIS,LOCAL PRIVADO,4.0,4,347.0,900.0,VOTOS NULOS,0.0
EUROPA,FRANCIA,CONSULADO GRAL.,PARIS,LOCAL PRIVADO,4.0,4,347.0,901.0,VOTOS EN BLANCO,0.0
EUROPA,FRANCIA,CONSULADO GRAL.,PARIS,LOCAL PRIVADO,5.0,5,347.0,1.0,APRUEBO,216.0
EUROPA,FRANCIA,CONSULADO GRAL.,PARIS,LOCAL PRIVADO,5.0,5,347.0,2.0,RECHAZO,19.0
EUROPA,FRANCIA,CONSULADO GRAL.,PARIS,LOCAL PRIVADO,5.0,5,347.0,900.0,VOTOS NULOS,0.0
EUROPA,FRANCIA,CONSULADO GRAL.,PARIS,LOCAL PRIVADO,5.0,5,347.0,901.0,VOTOS EN BLANCO,0.0
EUROPA,FRANCIA,CONSULADO GRAL.,PARIS,LOCAL PRIVADO,6.0,6,341.0,1.0,APRUEBO,217.0
EUROPA,FRANCIA,CONSULADO GRAL.,PARIS,LOCAL PRIVADO,6.0,6,341.0,2.0,RECHAZO,12.0
EUROPA,FRANCIA,CONSULADO GRAL.,PARIS,LOCAL PRIVADO,6.0,6,341.0,900.0,VOTOS NULOS,0.0
EUROPA,FRANCIA,CONSULADO GRAL.,PARIS,LOCAL PRIVADO,6.0,6,341.0,901.0,VOTOS EN BLANCO,0.0
EUROPA,FRANCIA,CONSULADO GRAL.,PARIS,LOCAL PRIVADO,7.0,7,343.0,1.0,APRUEBO,217.0
EUROPA,FRANCIA,CONSULADO GRAL.,PARIS,LOCAL PRIVADO,7.0,7,343.0,2.0,RECHAZO,17.0
EUROPA,FRANCIA,CONSULADO GRAL.,PARIS,LOCAL PRIVADO,7.0,7,343.0,900.0,VOTOS NULOS,0.0
EUROPA,FRANCIA,CONSULADO GRAL.,PARIS,LOCAL PRIVADO,7.0,7,343.0,901.0,VOTOS EN BLANCO,1.0
EUROPA,GRECIA,SECCIÓN CONSULAR,ATENAS,CONSULADO,1.0,1,104.0,1.0,APRUEBO,22.0
EUROPA,GRECIA,SECCIÓN CONSULAR,ATENAS,CONSULADO,1.0,1,104.0,2.0,RECHAZO,9.0
EUROPA,GRECIA,SECCIÓN CONSULAR,ATENAS,CONSULADO,1.0,1,104.0,900.0,VOTOS NULOS,0.0
EUROPA,GRECIA,SECCIÓN CONSULAR,ATENAS,CONSULADO,1.0,1,104.0,901.0,VOTOS EN BLANCO,0.0
EUROPA,HUNGRIA,SECCIÓN CONSULAR,BUDAPEST,CONSULADO,1.0,1,70.0,1.0,APRUEBO,38.0
EUROPA,HUNGRIA,SECCIÓN CONSULAR,BUDAPEST,CONSULADO,1.0,1,70.0,2.0,RECHAZO,10.0
EUROPA,HUNGRIA,SECCIÓN CONSULAR,BUDAPEST,CONSULADO,1.0,1,70.0,900.0,VOTOS NULOS,0.0
EUROPA,HUNGRIA,SECCIÓN CONSULAR,BUDAPEST,CONSULADO,1.0,1,70.0,901.0,VOTOS EN BLANCO,0.0
EUROPA,IRLANDA,SECCIÓN CONSULAR,DUBLIN,CONSULADO,1.0,1-2,373.0,1.0,APRUEBO,249.0
EUROPA,IRLANDA,SECCIÓN CONSULAR,DUBLIN,CONSULADO,1.0,1-2,373.0,2.0,RECHAZO,13.0
EUROPA,IRLANDA,SECCIÓN CONSULAR,DUBLIN,CONSULADO,1.0,1-2,373.0,900.0,VOTOS NULOS,0.0
EUROPA,IRLANDA,SECCIÓN CONSULAR,DUBLIN,CONSULADO,1.0,1-2,373.0,901.0,VOTOS EN BLANCO,0.0
EUROPA,ITALIA,CONSULADO GRAL.,MILAN,CONSULADO,1.0,1,341.0,1.0,APRUEBO,86.0
EUROPA,ITALIA,CONSULADO GRAL.,MILAN,CONSULADO,1.0,1,341.0,2.0,RECHAZO,16.0
EUROPA,ITALIA,CONSULADO GRAL.,MILAN,CONSULADO,1.0,1,341.0,900.0,VOTOS NULOS,0.0
EUROPA,ITALIA,CONSULADO GRAL.,MILAN,CONSULADO,1.0,1,341.0,901.0,VOTOS EN BLANCO,0.0
EUROPA,ITALIA,CONSULADO GRAL.,MILAN,CONSULADO,2.0,2,319.0,1.0,APRUEBO,141.0
EUROPA,ITALIA,CONSULADO GRAL.,MILAN,CONSULADO,2.0,2,319.0,2.0,RECHAZO,23.0
EUROPA,ITALIA,CONSULADO GRAL.,MILAN,CONSULADO,2.0,2,319.0,900.0,VOTOS NULOS,1.0
EUROPA,ITALIA,CONSULADO GRAL.,MILAN,CONSULADO,2.0,2,319.0,901.0,VOTOS EN BLANCO,1.0
EUROPA,ITALIA,SECCIÓN CONSULAR,ROMA,CONSULADO,1.0,1,316.0,1.0,APRUEBO,111.0
EUROPA,ITALIA,SECCIÓN CONSULAR,ROMA,CONSULADO,1.0,1,316.0,2.0,RECHAZO,34.0
EUROPA,ITALIA,SECCIÓN CONSULAR,ROMA,CONSULADO,1.0,1,316.0,900.0,VOTOS NULOS,1.0
EUROPA,ITALIA,SECCIÓN CONSULAR,ROMA,CONSULADO,1.0,1,316.0,901.0,VOTOS EN BLANCO,0.0
EUROPA,ITALIA,SECCIÓN CONSULAR,ROMA,CONSULADO,2.0,2,221.0,1.0,APRUEBO,83.0
EUROPA,ITALIA,SECCIÓN CONSULAR,ROMA,CONSULADO,2.0,2,221.0,2.0,RECHAZO,28.0
EUROPA,ITALIA,SECCIÓN CONSULAR,ROMA,CONSULADO,2.0,2,221.0,900.0,VOTOS NULOS,0.0
EUROPA,ITALIA,SECCIÓN CONSULAR,ROMA,CONSULADO,2.0,2,221.0,901.0,VOTOS EN BLANCO,1.0
EUROPA,NORUEGA,SECCIÓN CONSULAR,OSLO,CONSULADO,1.0,1,292.0,1.0,APRUEBO,145.0
EUROPA,NORUEGA,SECCIÓN CONSULAR,OSLO,CONSULADO,1.0,1,292.0,2.0,RECHAZO,13.0
EUROPA,NORUEGA,SECCIÓN CONSULAR,OSLO,CONSULADO,1.0,1,292.0,900.0,VOTOS NULOS,0.0
EUROPA,NORUEGA,SECCIÓN CONSULAR,OSLO,CONSULADO,1.0,1,292.0,901.0,VOTOS EN BLANCO,0.0
EUROPA,PAISES BAJOS,CONSULADO GRAL.,AMSTERDAM,LOCAL PRIVADO,1.0,1,345.0,1.0,APRUEBO,188.0
EUROPA,PAISES BAJOS,CONSULADO GRAL.,AMSTERDAM,LOCAL PRIVADO,1.0,1,345.0,2.0,RECHAZO,21.0
EUROPA,PAISES BAJOS,CONSULADO GRAL.,AMSTERDAM,LOCAL PRIVADO,1.0,1,345.0,900.0,VOTOS NULOS,1.0
EUROPA,PAISES BAJOS,CONSULADO GRAL.,AMSTERDAM,LOCAL PRIVADO,1.0,1,345.0,901.0,VOTOS EN BLANCO,0.0
EUROPA,PAISES BAJOS,CONSULADO GRAL.,AMSTERDAM,LOCAL PRIVADO,2.0,2,343.0,1.0,APRUEBO,221.0
EUROPA,PAISES BAJOS,CONSULADO GRAL.,AMSTERDAM,LOCAL PRIVADO,2.0,2,343.0,2.0,RECHAZO,31.0
EUROPA,PAISES BAJOS,CONSULADO GRAL.,AMSTERDAM,LOCAL PRIVADO,2.0,2,343.0,900.0,VOTOS NULOS,0.0
EUROPA,PAISES BAJOS,CONSULADO GRAL.,AMSTERDAM,LOCAL PRIVADO,2.0,2,343.0,901.0,VOTOS EN BLANCO,0.0
EUROPA,PAISES BAJOS,CONSULADO GRAL.,AMSTERDAM,LOCAL PRIVADO,3.0,3,171.0,1.0,APRUEBO,112.0
EUROPA,PAISES BAJOS,CONSULADO GRAL.,AMSTERDAM,LOCAL PRIVADO,3.0,3,171.0,2.0,RECHAZO,13.0
EUROPA,PAISES BAJOS,CONSULADO GRAL.,AMSTERDAM,LOCAL PRIVADO,3.0,3,171.0,900.0,VOTOS NULOS,1.0
EUROPA,PAISES BAJOS,CONSULADO GRAL.,AMSTERDAM,LOCAL PRIVADO,3.0,3,171.0,901.0,VOTOS EN BLANCO,0.0
EUROPA,POLONIA,SECCIÓN CONSULAR,VARSOVIA,CONSULADO,1.0,1,77.0,1.0,APRUEBO,37.0
EUROPA,POLONIA,SECCIÓN CONSULAR,VARSOVIA,CONSULADO,1.0,1,77.0,2.0,RECHAZO,10.0
EUROPA,POLONIA,SECCIÓN CONSULAR,VARSOVIA,CONSULADO,1.0,1,77.0,900.0,VOTOS NULOS,0.0
EUROPA,POLONIA,SECCIÓN CONSULAR,VARSOVIA,CONSULADO,1.0,1,77.0,901.0,VOTOS EN BLANCO,0.0
EUROPA,PORTUGAL,SECCIÓN CONSULAR,LISBOA,LOCAL EDUCACIONAL,1.0,1,203.0,1.0,APRUEBO,123.0
EUROPA,PORTUGAL,SECCIÓN CONSULAR,LISBOA,LOCAL EDUCACIONAL,1.0,1,203.0,2.0,RECHAZO,13.0
EUROPA,PORTUGAL,SECCIÓN CONSULAR,LISBOA,LOCAL EDUCACIONAL,1.0,1,203.0,900.0,VOTOS NULOS,0.0
EUROPA,PORTUGAL,SECCIÓN CONSULAR,LISBOA,LOCAL EDUCACIONAL,1.0,1,203.0,901.0,VOTOS EN BLANCO,0.0
EUROPA,REINO UNIDO,CONSULADO GRAL.,LONDRES,CONSULADO,1.0,1,338.0,1.0,APRUEBO,141.0
EUROPA,REINO UNIDO,CONSULADO GRAL.,LONDRES,CONSULADO,1.0,1,338.0,2.0,RECHAZO,25.0
EUROPA,REINO UNIDO,CONSULADO GRAL.,LONDRES,CONSULADO,1.0,1,338.0,900.0,VOTOS NULOS,1.0
EUROPA,REINO UNIDO,CONSULADO GRAL.,LONDRES,CONSULADO,1.0,1,338.0,901.0,VOTOS EN BLANCO,1.0
EUROPA,REINO UNIDO,CONSULADO GRAL.,LONDRES,CONSULADO,2.0,2,340.0,1.0,APRUEBO,142.0
EUROPA,REINO UNIDO,CONSULADO GRAL.,LONDRES,CONSULADO,2.0,2,340.0,2.0,RECHAZO,36.0
EUROPA,REINO UNIDO,CONSULADO GRAL.,LONDRES,CONSULADO,2.0,2,340.0,900.0,VOTOS NULOS,0.0
EUROPA,REINO UNIDO,CONSULADO GRAL.,LONDRES,CONSULADO,2.0,2,340.0,901.0,VOTOS EN BLANCO,0.0
EUROPA,REINO UNIDO,CONSULADO GRAL.,LONDRES,CONSULADO,3.0,3,337.0,1.0,APRUEBO,164.0
EUROPA,REINO UNIDO,CONSULADO GRAL.,LONDRES,CONSULADO,3.0,3,337.0,2.0,RECHAZO,50.0
EUROPA,REINO UNIDO,CONSULADO GRAL.,LONDRES,CONSULADO,3.0,3,337.0,900.0,VOTOS NULOS,0.0
EUROPA,REINO UNIDO,CONSULADO GRAL.,LONDRES,CONSULADO,3.0,3,337.0,901.0,VOTOS EN BLANCO,0.0
EUROPA,REINO UNIDO,CONSULADO GRAL.,LONDRES,CONSULADO,4.0,4,326.0,1.0,APRUEBO,182.0
EUROPA,REINO UNIDO,CONSULADO GRAL.,LONDRES,CONSULADO,4.0,4,326.0,2.0,RECHAZO,27.0
EUROPA,REINO UNIDO,CONSULADO GRAL.,LONDRES,CONSULADO,4.0,4,326.0,900.0,VOTOS NULOS,1.0
EUROPA,REINO UNIDO,CONSULADO GRAL.,LONDRES,CONSULADO,4.0,4,326.0,901.0,VOTOS EN BLANCO,0.0
EUROPA,REINO UNIDO,CONSULADO GRAL.,LONDRES,CONSULADO,5.0,5,326.0,1.0,APRUEBO,160.0
EUROPA,REINO UNIDO,CONSULADO GRAL.,LONDRES,CONSULADO,5.0,5,326.0,2.0,RECHAZO,52.0
EUROPA,REINO UNIDO,CONSULADO GRAL.,LONDRES,CONSULADO,5.0,5,326.0,900.0,VOTOS NULOS,0.0
EUROPA,REINO UNIDO,CONSULADO GRAL.,LONDRES,CONSULADO,5.0,5,326.0,901.0,VOTOS EN BLANCO,0.0
EUROPA,REINO UNIDO,CONSULADO GRAL.,LONDRES,CONSULADO,6.0,6,319.0,1.0,APRUEBO,163.0
EUROPA,REINO UNIDO,CONSULADO GRAL.,LONDRES,CONSULADO,6.0,6,319.0,2.0,RECHAZO,38.0
EUROPA,REINO UNIDO,CONSULADO GRAL.,LONDRES,CONSULADO,6.0,6,319.0,900.0,VOTOS NULOS,0.0
EUROPA,REINO UNIDO,CONSULADO GRAL.,LONDRES,CONSULADO,6.0,6,319.0,901.0,VOTOS EN BLANCO,0.0
EUROPA,REPUBLICA CHECA,SECCIÓN CONSULAR,PRAGA,CONSULADO,1.0,1,102.0,1.0,APRUEBO,65.0
EUROPA,REPUBLICA CHECA,SECCIÓN CONSULAR,PRAGA,CONSULADO,1.0,1,102.0,2.0,RECHAZO,7.0
EUROPA,REPUBLICA CHECA,SECCIÓN CONSULAR,PRAGA,CONSULADO,1.0,1,102.0,900.0,VOTOS NULOS,0.0
EUROPA,REPUBLICA CHECA,SECCIÓN CONSULAR,PRAGA,CONSULADO,1.0,1,102.0,901.0,VOTOS EN BLANCO,0.0
EUROPA,RUMANIA,SECCIÓN CONSULAR,BUCAREST,CONSULADO,1.0,1,37.0,1.0,APRUEBO,15.0
EUROPA,RUMANIA,SECCIÓN CONSULAR,BUCAREST,CONSULADO,1.0,1,37.0,2.0,RECHAZO,4.0
EUROPA,RUMANIA,SECCIÓN CONSULAR,BUCAREST,CONSULADO,1.0,1,37.0,900.0,VOTOS NULOS,0.0
EUROPA,RUMANIA,SECCIÓN CONSULAR,BUCAREST,CONSULADO,1.0,1,37.0,901.0,VOTOS EN BLANCO,0.0
EUROPA,SUECIA,CONSULADO,GOTEMBURGO,LOCAL PRIVADO,1.0,1,348.0,1.0,APRUEBO,155.0
EUROPA,SUECIA,CONSULADO,GOTEMBURGO,LOCAL PRIVADO,1.0,1,348.0,2.0,RECHAZO,2.0
EUROPA,SUECIA,CONSULADO,GOTEMBURGO,LOCAL PRIVADO,1.0,1,348.0,900.0,VOTOS NULOS,1.0
EUROPA,SUECIA,CONSULADO,GOTEMBURGO,LOCAL PRIVADO,1.0,1,348.0,901.0,VOTOS EN BLANCO,0.0
EUROPA,SUECIA,CONSULADO,GOTEMBURGO,LOCAL PRIVADO,2.0,2,315.0,1.0,APRUEBO,155.0
EUROPA,SUECIA,CONSULADO,GOTEMBURGO,LOCAL PRIVADO,2.0,2,315.0,2.0,RECHAZO,6.0
EUROPA,SUECIA,CONSULADO,GOTEMBURGO,LOCAL PRIVADO,2.0,2,315.0,900.0,VOTOS NULOS,1.0
EUROPA,SUECIA,CONSULADO,GOTEMBURGO,LOCAL PRIVADO,2.0,2,315.0,901.0,VOTOS EN BLANCO,0.0
EUROPA,SUECIA,SECCIÓN CONSULAR,ESTOCOLMO,LOCAL PRIVADO,1.0,1,349.0,1.0,APRUEBO,215.0
EUROPA,SUECIA,SECCIÓN CONSULAR,ESTOCOLMO,LOCAL PRIVADO,1.0,1,349.0,2.0,RECHAZO,9.0
EUROPA,SUECIA,SECCIÓN CONSULAR,ESTOCOLMO,LOCAL PRIVADO,1.0,1,349.0,900.0,VOTOS NULOS,0.0
EUROPA,SUECIA,SECCIÓN CONSULAR,ESTOCOLMO,LOCAL PRIVADO,1.0,1,349.0,901.0,VOTOS EN BLANCO,0.0
EUROPA,SUECIA,SECCIÓN CONSULAR,ESTOCOLMO,LOCAL PRIVADO,2.0,2,345.0,1.0,APRUEBO,228.0
EUROPA,SUECIA,SECCIÓN CONSULAR,ESTOCOLMO,LOCAL PRIVADO,2.0,2,345.0,2.0,RECHAZO,6.0
EUROPA,SUECIA,SECCIÓN CONSULAR,ESTOCOLMO,LOCAL PRIVADO,2.0,2,345.0,900.0,VOTOS NULOS,0.0
EUROPA,SUECIA,SECCIÓN CONSULAR,ESTOCOLMO,LOCAL PRIVADO,2.0,2,345.0,901.0,VOTOS EN BLANCO,0.0
EUROPA,SUECIA,SECCIÓN CONSULAR,ESTOCOLMO,LOCAL PRIVADO,3.0,3,342.0,1.0,APRUEBO,209.0
EUROPA,SUECIA,SECCIÓN CONSULAR,ESTOCOLMO,LOCAL PRIVADO,3.0,3,342.0,2.0,RECHAZO,9.0
EUROPA,SUECIA,SECCIÓN CONSULAR,ESTOCOLMO,LOCAL PRIVADO,3.0,3,342.0,900.0,VOTOS NULOS,0.0
EUROPA,SUECIA,SECCIÓN CONSULAR,ESTOCOLMO,LOCAL PRIVADO,3.0,3,342.0,901.0,VOTOS EN BLANCO,0.0
EUROPA,SUECIA,SECCIÓN CONSULAR,ESTOCOLMO,LOCAL PRIVADO,4.0,4,346.0,1.0,APRUEBO,251.0
EUROPA,SUECIA,SECCIÓN CONSULAR,ESTOCOLMO,LOCAL PRIVADO,4.0,4,346.0,2.0,RECHAZO,5.0
EUROPA,SUECIA,SECCIÓN CONSULAR,ESTOCOLMO,LOCAL PRIVADO,4.0,4,346.0,900.0,VOTOS NULOS,0.0
EUROPA,SUECIA,SECCIÓN CONSULAR,ESTOCOLMO,LOCAL PRIVADO,4.0,4,346.0,901.0,VOTOS EN BLANCO,0.0
EUROPA,SUECIA,SECCIÓN CONSULAR,ESTOCOLMO,LOCAL PRIVADO,5.0,5,208.0,1.0,APRUEBO,148.0
EUROPA,SUECIA,SECCIÓN CONSULAR,ESTOCOLMO,LOCAL PRIVADO,5.0,5,208.0,2.0,RECHAZO,5.0
EUROPA,SUECIA,SECCIÓN CONSULAR,ESTOCOLMO,LOCAL PRIVADO,5.0,5,208.0,900.0,VOTOS NULOS,0.0
EUROPA,SUECIA,SECCIÓN CONSULAR,ESTOCOLMO,LOCAL PRIVADO,5.0,5,208.0,901.0,VOTOS EN BLANCO,0.0
EUROPA,SUIZA,SECCIÓN CONSULAR,BERNA,CONSULADO,1.0,1,347.0,1.0,APRUEBO,155.0
EUROPA,SUIZA,SECCIÓN CONSULAR,BERNA,CONSULADO,1.0,1,347.0,2.0,RECHAZO,18.0
EUROPA,SUIZA,SECCIÓN CONSULAR,BERNA,CONSULADO,1.0,1,347.0,900.0,VOTOS NULOS,1.0
EUROPA,SUIZA,SECCIÓN CONSULAR,BERNA,CONSULADO,1.0,1,347.0,901.0,VOTOS EN BLANCO,0.0
EUROPA,SUIZA,SECCIÓN CONSULAR,BERNA,CONSULADO,2.0,2,346.0,1.0,APRUEBO,144.0
EUROPA,SUIZA,SECCIÓN CONSULAR,BERNA,CONSULADO,2.0,2,346.0,2.0,RECHAZO,20.0
EUROPA,SUIZA,SECCIÓN CONSULAR,BERNA,CONSULADO,2.0,2,346.0,900.0,VOTOS NULOS,0.0
EUROPA,SUIZA,SECCIÓN CONSULAR,BERNA,CONSULADO,2.0,2,346.0,901.0,VOTOS EN BLANCO,0.0
EUROPA,SUIZA,SECCIÓN CONSULAR,BERNA,CONSULADO,3.0,3,348.0,1.0,APRUEBO,189.0
EUROPA,SUIZA,SECCIÓN CONSULAR,BERNA,CONSULADO,3.0,3,348.0,2.0,RECHAZO,31.0
EUROPA,SUIZA,SECCIÓN CONSULAR,BERNA,CONSULADO,3.0,3,348.0,900.0,VOTOS NULOS,0.0
EUROPA,SUIZA,SECCIÓN CONSULAR,BERNA,CONSULADO,3.0,3,348.0,901.0,VOTOS EN BLANCO,0.0
EUROPA,SUIZA,SECCIÓN CONSULAR,BERNA,CONSULADO,4.0,4,131.0,1.0,APRUEBO,89.0
EUROPA,SUIZA,SECCIÓN CONSULAR,BERNA,CONSULADO,4.0,4,131.0,2.0,RECHAZO,11.0
EUROPA,SUIZA,SECCIÓN CONSULAR,BERNA,CONSULADO,4.0,4,131.0,900.0,VOTOS NULOS,0.0
EUROPA,SUIZA,SECCIÓN CONSULAR,BERNA,CONSULADO,4.0,4,131.0,901.0,VOTOS EN BLANCO,0.0
EUROPA,TURQUIA,SECCIÓN CONSULAR,ANKARA,CONSULADO,1.0,1,31.0,1.0,APRUEBO,10.0
EUROPA,TURQUIA,SECCIÓN CONSULAR,ANKARA,CONSULADO,1.0,1,31.0,2.0,RECHAZO,7.0
EUROPA,TURQUIA,SECCIÓN CONSULAR,ANKARA,CONSULADO,1.0,1,31.0,900.0,VOTOS NULOS,0.0
EUROPA,TURQUIA,SECCIÓN CONSULAR,ANKARA,CONSULADO,1.0,1,31.0,901.0,VOTOS EN BLANCO,0.0
OCEANIA,AUSTRALIA,CONSULADO GRAL.,MELBOURNE,LOCAL PRIVADO,1.0,1,333.0,1.0,APRUEBO,183.0
OCEANIA,AUSTRALIA,CONSULADO GRAL.,MELBOURNE,LOCAL PRIVADO,1.0,1,333.0,2.0,RECHAZO,23.0
OCEANIA,AUSTRALIA,CONSULADO GRAL.,MELBOURNE,LOCAL PRIVADO,1.0,1,333.0,900.0,VOTOS NULOS,0.0
OCEANIA,AUSTRALIA,CONSULADO GRAL.,MELBOURNE,LOCAL PRIVADO,1.0,1,333.0,901.0,VOTOS EN BLANCO,0.0
OCEANIA,AUSTRALIA,CONSULADO GRAL.,MELBOURNE,LOCAL PRIVADO,2.0,2,329.0,1.0,APRUEBO,174.0
OCEANIA,AUSTRALIA,CONSULADO GRAL.,MELBOURNE,LOCAL PRIVADO,2.0,2,329.0,2.0,RECHAZO,23.0
OCEANIA,AUSTRALIA,CONSULADO GRAL.,MELBOURNE,LOCAL PRIVADO,2.0,2,329.0,900.0,VOTOS NULOS,0.0
OCEANIA,AUSTRALIA,CONSULADO GRAL.,MELBOURNE,LOCAL PRIVADO,2.0,2,329.0,901.0,VOTOS EN BLANCO,0.0
OCEANIA,AUSTRALIA,CONSULADO GRAL.,MELBOURNE,LOCAL PRIVADO,3.0,3,337.0,1.0,APRUEBO,230.0
OCEANIA,AUSTRALIA,CONSULADO GRAL.,MELBOURNE,LOCAL PRIVADO,3.0,3,337.0,2.0,RECHAZO,16.0
OCEANIA,AUSTRALIA,CONSULADO GRAL.,MELBOURNE,LOCAL PRIVADO,3.0,3,337.0,900.0,VOTOS NULOS,0.0
OCEANIA,AUSTRALIA,CONSULADO GRAL.,MELBOURNE,LOCAL PRIVADO,3.0,3,337.0,901.0,VOTOS EN BLANCO,0.0
OCEANIA,AUSTRALIA,CONSULADO GRAL.,MELBOURNE,LOCAL PRIVADO,4.0,4,332.0,1.0,APRUEBO,215.0
OCEANIA,AUSTRALIA,CONSULADO GRAL.,MELBOURNE,LOCAL PRIVADO,4.0,4,332.0,2.0,RECHAZO,18.0
OCEANIA,AUSTRALIA,CONSULADO GRAL.,MELBOURNE,LOCAL PRIVADO,4.0,4,332.0,900.0,VOTOS NULOS,0.0
OCEANIA,AUSTRALIA,CONSULADO GRAL.,MELBOURNE,LOCAL PRIVADO,4.0,4,332.0,901.0,VOTOS EN BLANCO,0.0
OCEANIA,AUSTRALIA,CONSULADO GRAL.,MELBOURNE,LOCAL PRIVADO,5.0,5,213.0,1.0,APRUEBO,139.0
OCEANIA,AUSTRALIA,CONSULADO GRAL.,MELBOURNE,LOCAL PRIVADO,5.0,5,213.0,2.0,RECHAZO,11.0
OCEANIA,AUSTRALIA,CONSULADO GRAL.,MELBOURNE,LOCAL PRIVADO,5.0,5,213.0,900.0,VOTOS NULOS,0.0
OCEANIA,AUSTRALIA,CONSULADO GRAL.,MELBOURNE,LOCAL PRIVADO,5.0,5,213.0,901.0,VOTOS EN BLANCO,0.0
OCEANIA,AUSTRALIA,CONSULADO GRAL.,SYDNEY,LOCAL PRIVADO,1.0,1-8,437.0,1.0,APRUEBO,201.0
OCEANIA,AUSTRALIA,CONSULADO GRAL.,SYDNEY,LOCAL PRIVADO,1.0,1-8,437.0,2.0,RECHAZO,45.0
OCEANIA,AUSTRALIA,CONSULADO GRAL.,SYDNEY,LOCAL PRIVADO,1.0,1-8,437.0,900.0,VOTOS NULOS,0.0
OCEANIA,AUSTRALIA,CONSULADO GRAL.,SYDNEY,LOCAL PRIVADO,1.0,1-8,437.0,901.0,VOTOS EN BLANCO,0.0
OCEANIA,AUSTRALIA,CONSULADO GRAL.,SYDNEY,LOCAL PRIVADO,2.0,2,344.0,1.0,APRUEBO,149.0
OCEANIA,AUSTRALIA,CONSULADO GRAL.,SYDNEY,LOCAL PRIVADO,2.0,2,344.0,2.0,RECHAZO,47.0
OCEANIA,AUSTRALIA,CONSULADO GRAL.,SYDNEY,LOCAL PRIVADO,2.0,2,344.0,900.0,VOTOS NULOS,0.0
OCEANIA,AUSTRALIA,CONSULADO GRAL.,SYDNEY,LOCAL PRIVADO,2.0,2,344.0,901.0,VOTOS EN BLANCO,0.0
OCEANIA,AUSTRALIA,CONSULADO GRAL.,SYDNEY,LOCAL PRIVADO,3.0,3,343.0,1.0,APRUEBO,149.0
OCEANIA,AUSTRALIA,CONSULADO GRAL.,SYDNEY,LOCAL PRIVADO,3.0,3,343.0,2.0,RECHAZO,33.0
OCEANIA,AUSTRALIA,CONSULADO GRAL.,SYDNEY,LOCAL PRIVADO,3.0,3,343.0,900.0,VOTOS NULOS,0.0
OCEANIA,AUSTRALIA,CONSULADO GRAL.,SYDNEY,LOCAL PRIVADO,3.0,3,343.0,901.0,VOTOS EN BLANCO,1.0
OCEANIA,AUSTRALIA,CONSULADO GRAL.,SYDNEY,LOCAL PRIVADO,4.0,4,337.0,1.0,APRUEBO,156.0
OCEANIA,AUSTRALIA,CONSULADO GRAL.,SYDNEY,LOCAL PRIVADO,4.0,4,337.0,2.0,RECHAZO,30.0
OCEANIA,AUSTRALIA,CONSULADO GRAL.,SYDNEY,LOCAL PRIVADO,4.0,4,337.0,900.0,VOTOS NULOS,0.0
OCEANIA,AUSTRALIA,CONSULADO GRAL.,SYDNEY,LOCAL PRIVADO,4.0,4,337.0,901.0,VOTOS EN BLANCO,0.0
OCEANIA,AUSTRALIA,CONSULADO GRAL.,SYDNEY,LOCAL PRIVADO,5.0,5,338.0,1.0,APRUEBO,173.0
OCEANIA,AUSTRALIA,CONSULADO GRAL.,SYDNEY,LOCAL PRIVADO,5.0,5,338.0,2.0,RECHAZO,18.0
OCEANIA,AUSTRALIA,CONSULADO GRAL.,SYDNEY,LOCAL PRIVADO,5.0,5,338.0,900.0,VOTOS NULOS,0.0
OCEANIA,AUSTRALIA,CONSULADO GRAL.,SYDNEY,LOCAL PRIVADO,5.0,5,338.0,901.0,VOTOS EN BLANCO,0.0
OCEANIA,AUSTRALIA,CONSULADO GRAL.,SYDNEY,LOCAL PRIVADO,6.0,6,343.0,1.0,APRUEBO,172.0
OCEANIA,AUSTRALIA,CONSULADO GRAL.,SYDNEY,LOCAL PRIVADO,6.0,6,343.0,2.0,RECHAZO,25.0
OCEANIA,AUSTRALIA,CONSULADO GRAL.,SYDNEY,LOCAL PRIVADO,6.0,6,343.0,900.0,VOTOS NULOS,1.0
OCEANIA,AUSTRALIA,CONSULADO GRAL.,SYDNEY,LOCAL PRIVADO,6.0,6,343.0,901.0,VOTOS EN BLANCO,0.0
OCEANIA,AUSTRALIA,CONSULADO GRAL.,SYDNEY,LOCAL PRIVADO,7.0,7,316.0,1.0,APRUEBO,139.0
OCEANIA,AUSTRALIA,CONSULADO GRAL.,SYDNEY,LOCAL PRIVADO,7.0,7,316.0,2.0,RECHAZO,14.0
OCEANIA,AUSTRALIA,CONSULADO GRAL.,SYDNEY,LOCAL PRIVADO,7.0,7,316.0,900.0,VOTOS NULOS,0.0
OCEANIA,AUSTRALIA,CONSULADO GRAL.,SYDNEY,LOCAL PRIVADO,7.0,7,316.0,901.0,VOTOS EN BLANCO,0.0
OCEANIA,AUSTRALIA,LOCAL ADICIONAL,PERTH,LOCAL PRIVADO,1.0,1,297.0,1.0,APRUEBO,183.0
OCEANIA,AUSTRALIA,LOCAL ADICIONAL,PERTH,LOCAL PRIVADO,1.0,1,297.0,2.0,RECHAZO,29.0
OCEANIA,AUSTRALIA,LOCAL ADICIONAL,PERTH,LOCAL PRIVADO,1.0,1,297.0,900.0,VOTOS NULOS,0.0
OCEANIA,AUSTRALIA,LOCAL ADICIONAL,PERTH,LOCAL PRIVADO,1.0,1,297.0,901.0,VOTOS EN BLANCO,0.0
OCEANIA,AUSTRALIA,SECCIÓN CONSULAR,CANBERRA,CONSULADO,1.0,1,152.0,1.0,APRUEBO,85.0
OCEANIA,AUSTRALIA,SECCIÓN CONSULAR,CANBERRA,CONSULADO,1.0,1,152.0,2.0,RECHAZO,26.0
OCEANIA,AUSTRALIA,SECCIÓN CONSULAR,CANBERRA,CONSULADO,1.0,1,152.0,900.0,VOTOS NULOS,1.0
OCEANIA,AUSTRALIA,SECCIÓN CONSULAR,CANBERRA,CONSULADO,1.0,1,152.0,901.0,VOTOS EN BLANCO,0.0
OCEANIA,NUEVA ZELANDA,SECCIÓN CONSULAR,AUCKLAND,LOCAL PRIVADO,1.0,1-3,405.0,1.0,APRUEBO,248.0
OCEANIA,NUEVA ZELANDA,SECCIÓN CONSULAR,AUCKLAND,LOCAL PRIVADO,1.0,1-3,405.0,2.0,RECHAZO,23.0
OCEANIA,NUEVA ZELANDA,SECCIÓN CONSULAR,AUCKLAND,LOCAL PRIVADO,1.0,1-3,405.0,900.0,VOTOS NULOS,1.0
OCEANIA,NUEVA ZELANDA,SECCIÓN CONSULAR,AUCKLAND,LOCAL PRIVADO,1.0,1-3,405.0,901.0,VOTOS EN BLANCO,0.0
OCEANIA,NUEVA ZELANDA,SECCIÓN CONSULAR,AUCKLAND,LOCAL PRIVADO,2.0,2,350.0,1.0,APRUEBO,210.0
OCEANIA,NUEVA ZELANDA,SECCIÓN CONSULAR,AUCKLAND,LOCAL PRIVADO,2.0,2,350.0,2.0,RECHAZO,15.0
OCEANIA,NUEVA ZELANDA,SECCIÓN CONSULAR,AUCKLAND,LOCAL PRIVADO,2.0,2,350.0,900.0,VOTOS NULOS,0.0
OCEANIA,NUEVA ZELANDA,SECCIÓN CONSULAR,AUCKLAND,LOCAL PRIVADO,2.0,2,350.0,901.0,VOTOS EN BLANCO,0.0
OCEANIA,NUEVA ZELANDA,SECCIÓN CONSULAR,WELLINGTON,LOCAL PRIVADO,1.0,1-2-5,411.0,1.0,APRUEBO,181.0
OCEANIA,NUEVA ZELANDA,SECCIÓN CONSULAR,WELLINGTON,LOCAL PRIVADO,1.0,1-2-5,411.0,2.0,RECHAZO,15.0
OCEANIA,NUEVA ZELANDA,SECCIÓN CONSULAR,WELLINGTON,LOCAL PRIVADO,1.0,1-2-5,411.0,900.0,VOTOS NULOS,1.0
OCEANIA,NUEVA ZELANDA,SECCIÓN CONSULAR,WELLINGTON,LOCAL PRIVADO,1.0,1-2-5,411.0,901.0,VOTOS EN BLANCO,0.0
OCEANIA,NUEVA ZELANDA,SECCIÓN CONSULAR,WELLINGTON,LOCAL PRIVADO,3.0,3-4,326.0,1.0,APRUEBO,159.0
OCEANIA,NUEVA ZELANDA,SECCIÓN CONSULAR,WELLINGTON,LOCAL PRIVADO,3.0,3-4,326.0,2.0,RECHAZO,4.0
OCEANIA,NUEVA ZELANDA,SECCIÓN CONSULAR,WELLINGTON,LOCAL PRIVADO,3.0,3-4,326.0,900.0,VOTOS NULOS,0.0
OCEANIA,NUEVA ZELANDA,SECCIÓN CONSULAR,WELLINGTON,LOCAL PRIVADO,3.0,3-4,326.0,901.0,VOTOS EN BLANCO,1.0
,,,,,,,,,,
,,,,,,,,,Total,30962.0
