Tweet Link,Author Handle,Tweet Content,Views,Likes,Retweets,Replies,Tweet Creation Date,Scraped Date
https://x.com/Sacuanjoche09/status/1989841480652132435,"Sacuanjoche09","Según las últimas encuestas, la comunista Jeannete Jara ganaría la primera vuelta pero sin evitar la segunda vuelta en la que perdería frente a Kast o Kaiser.",394,4,1,3,2025-11-15T23:42:33+00:00,2025-11-19T23:49:18.935994+00:00
https://x.com/HectorRiverosC/status/1989841290318819831,"HectorRiverosC","PRESIDENCIALES CHILE 2025 PRIMERA VUELTA
14.11.2025 EN LAS 3 ENCUESTAS MÁS CONFIABLES Y CERTERAS GANARÍAN JARA Y KAST LA PRIMERA VUELTA
#lafuerzadelcambio #kastpresidentedechile2025 #partidorepublicanodechile #cambiateal5cambiateakast #vota5votakast #vota5munistas",273,0,0,0,2025-11-15T23:41:47+00:00,2025-11-19T23:49:18.935994+00:00
https://x.com/patriciopalau/status/1989839258505347547,"patriciopalau","Chile,  elige en 1ra.vuelta, este dom 16 de nov definirá a los finalistas a la pdcia, los más opcionados según las encuestas son Janet Jara, del partido Comunista, en rep de una coalición de centro-izq con un 30% de pref aprox y José A.Kast Kast conservador con un 23.5%.",655,1,0,0,2025-11-15T23:33:43+00:00,2025-11-19T23:49:18.935994+00:00
https://x.com/ElChilenista/status/1989819295682183580,"ElChilenista","Mi pronóstico para mañana:

Jara 28%
Kast 24%
Kaiser 18%
Matthei 13%
Parisi 12%

Votos de Matthei serán traspasado a Kast, es el fenómeno de apostar al ganador.

#Elecciones2025 #Elecciones2025CL",264,0,1,0,2025-11-15T22:14:23+00:00,2025-11-19T23:49:18.935994+00:00
https://x.com/nostradamvs/status/1989816088901677270,"nostradamvs","Las encuestas en Chile coinciden en que Jeannette Jara y José Antonio Kast van ganando, pero Johannes Kaiser sorprende con su ascenso.",180,0,0,0,2025-11-15T22:01:39+00:00,2025-11-19T23:49:18.935994+00:00
https://x.com/grok/status/1989768729128038410,"grok","Sí, la imagen es una guía real de CitizenGO para las presidenciales chilenas 2025, basada en posturas públicas de los candidatos sobre vida, familia y libertades, ya que ninguno respondió formalmente a sus consultas. Kast muestra compromiso verde en la mayoría (antiaborto,",192,4,0,2,2025-11-15T18:53:27+00:00,2025-11-19T23:49:18.935994+00:00
https://x.com/lahoraecuador/status/1989766847051211084,"lahoraecuador","#Mundo | La apuesta del oficialismo Jeannette Jara y el ultraderechista José Antonio Kast están como los favoritos para las elecciones presidenciales en Chile  . ",1333,3,0,0,2025-11-15T18:45:59+00:00,2025-11-19T23:49:18.935994+00:00
https://x.com/_charles_louis/status/1989756488332840993,"_charles_louis","En el plebuscito 2022, interesados intentaron instalar un ""empate técnico"". El resultado fue 62%/38%.

En la elección presidencial 2025, no habrá un empate técnico: ni entre Kast y Kaiser ni en la segunda vuelta, entre Kast y Jara.

#EleccionesChile2025",159,0,0,0,2025-11-15T18:04:49+00:00,2025-11-19T23:49:18.935994+00:00
https://x.com/MigueTavarez/status/1989747510055751960,"MigueTavarez","Chile tiene elecciones mañana. Las candidaturas punteras han tenido como tema central de campaña la Seguridad Publica. 
Chile, por haber salido de una dictadura férrea, dejó las estructuras de investigación, prevención y un sistema jurídico que privilegiaba la seguridad. 
Hoy,",66,0,0,0,2025-11-15T17:29:08+00:00,2025-11-19T23:49:18.935994+00:00
https://x.com/mfjimenez/status/1989743985053597874,"mfjimenez","Elecciones Presidenciales en Chile. Mi opinión a través de Nueva Presencia.",29,0,0,1,2025-11-15T17:15:08+00:00,2025-11-19T23:49:18.935994+00:00
https://x.com/elcomercio_peru/status/1989728454812512422,"elcomercio_peru","Chile busca al sucesor de Boric con su exministra liderando y la disputa en ultraderechas",1032,0,0,0,2025-11-15T16:13:25+00:00,2025-11-19T23:49:18.935994+00:00
https://x.com/AlcotaNews/status/1989724959921639703,"AlcotaNews","Voy a dejar mi pronóstico para la elección de mañana 
@MauricioMMQ75
 
@AxelCallis
 
@pepe_auth
 #Elecciones2025 #VotaChile  
Jara 29%
Kast 25%
Parisi 15%
Matthei 13%
Kaiser 12%
MEO 3%
Harols 3%
Artés 0%",68,0,0,1,2025-11-15T15:59:32+00:00,2025-11-19T23:49:18.935994+00:00
https://x.com/pedroviverost/status/1989721549507547228,"pedroviverost","Mañana elecciones en Chile. Una candidata oficialista de izquierda: Jara. Tres candidatos opositores: Kast, Matthei y Káiser. Es posible que en esta primera  vuelta pase al balotaje la candidata del presidente Boric (Jara) pero en la segunda veo muy probable ganador al opositor.",548,12,2,1,2025-11-15T15:45:59+00:00,2025-11-19T23:49:18.935994+00:00
https://x.com/el_paisus/status/1989717537764848012,"el_paisus","   #Análisis | ¿Quién ganará las elecciones en Chile? Qué dicen predicciones y encuestas

Los pronósticos sitúan al ultraderechista José Antonio Kast como favorito, sin descartar al libertario Johannes Kaiser, ni a la izquierdista Jeannette Jara",120,0,1,0,2025-11-15T15:30:02+00:00,2025-11-19T23:49:18.935994+00:00
https://x.com/elpais_america/status/1989717532333264906,"elpais_america","   #Análisis | ¿Quién ganará las elecciones en Chile? Qué dicen predicciones y encuestas

Los pronósticos sitúan al ultraderechista José Antonio Kast como favorito, sin descartar al libertario Johannes Kaiser, ni a la izquierdista Jeannette Jara",1258,1,0,0,2025-11-15T15:30:01+00:00,2025-11-19T23:49:18.935994+00:00
https://x.com/MartianaMayo59/status/1989716489268597192,"MartianaMayo59","ED. Las últimas encuestas en Chile proyectan una reñida pugna entre Kast y Kaiser, con la comunista Jara como favorita",268,3,1,0,2025-11-15T15:25:52+00:00,2025-11-19T23:49:18.935994+00:00
https://x.com/NuevaPresenciaN/status/1989714310856126877,"NuevaPresenciaN","Elecciones presidenciales en Chile 2025: Miguel Jimenez advierte polarización y posible balotaje entre Jeannette Jara y José Antonio Kast",33,0,0,0,2025-11-15T15:17:13+00:00,2025-11-19T23:49:18.935994+00:00
https://x.com/elpais_chile/status/1989712302359060935,"elpais_chile","   #Análisis | ¿Quién ganará las elecciones en Chile? Qué dicen predicciones y encuestas

Los pronósticos sitúan al ultraderechista José Antonio Kast como favorito, sin descartar al libertario Johannes Kaiser, ni a la izquierdista Jeannette Jara",360,1,0,2,2025-11-15T15:09:14+00:00,2025-11-19T23:49:18.935994+00:00
https://x.com/CaminarP/status/1989705957283102930,"CaminarP","#Chile Jara y Kast terminan encabezando las encuestas electorales

https://
buff.ly/LEq7wQ2 
 La candidata del Partido Comunista, Jeannette Jara, sería la más votada en primera vuelta
 En una segunda vuelta la comunista perdería ante Kast o Matthei",80,1,1,0,2025-11-15T14:44:01+00:00,2025-11-19T23:49:18.935994+00:00
https://x.com/Informa3Chile/status/1989704596164415920,"Informa3Chile"," Encuesta Atlas Intel (Base 100)

 J.Jara: 33,4
 J.Kast: 18,8
 J.Kaiser: 15,5
 E.Matthei: 15,0
 F.Parisi: 14,4
 H.M.Nicolls: 1,6
 M.E.Ominami: 0,83
 E.Artes: 0,52

 Jara arriba +14,6%
 Kast arriba de Kaiser +3,3%

#Elecciones2025CL",7336,219,76,16,2025-11-15T14:38:37+00:00,2025-11-19T23:49:18.935994+00:00
https://x.com/Martha_Barcena/status/1989703530433646990,"Martha_Barcena","Mañana primera vuelta de elecciones presidenciales y parlamentarias en Chile. Voto obligatorio. Se espera vayan a segunda vuelta en diciembre la candidata de izquierda, Jeanette Jara, y José Antonio Kast de derecha radical. Otro candidato de derecha, Káiser, puede dar la sorpresa",359,2,1,0,2025-11-15T14:34:23+00:00,2025-11-19T23:49:18.935994+00:00
https://x.com/Informa3Chile/status/1989700147475804242,"Informa3Chile"," URGENTE -  ATLAS INTEL 

 J.Jara: 32%
 J.Kast: 18%
 J.Kaiser: 15%
 E.Matthei: 14%
 F.Parisi: 14%
 H.M.Nicolls: 2%
 M.E.Ominami: 1%
 
http://
E.Artés: 1%

 Exclusiva 
@m_astla
 
#Elecciones2025CL",4595,73,33,4,2025-11-15T14:20:56+00:00,2025-11-19T23:49:18.935994+00:00
https://x.com/RPPNoticias/status/1989698845752627320,"RPPNoticias"," José Luis Pérez Guadalupe, investigador del CIUP y exministro del Interior, analizó en Ampliación de Noticias el escenario político de Chile rumbo a las elecciones presidenciales 2025. Según las encuestas, la candidata de izquierda Jeanette Jara aparece como la favorita en",2920,0,0,2,2025-11-15T14:15:46+00:00,2025-11-19T23:49:18.935994+00:00
https://x.com/VolcanicasRev/status/1989697210846466247,"VolcanicasRev"," ELECCIONES CHILE | Este domingo hay elecciones en Chile. Las encuestas apuntan a que habrá segunda vuelta entre Jara y Kast, pero el voto impredecible de los ""obligados"" podría cambiar el resultado. Es Jara contra la derecha ",1126,5,3,0,2025-11-15T14:09:16+00:00,2025-11-19T23:49:18.935994+00:00
https://x.com/GUASABARAeditor/status/1989696100337422695,"GUASABARAeditor","Elecciones en Chile: uno por uno, los ocho candidatos a presidente - Infobae 
https://
infobae.com/america/americ
a-latina/2025/11/15/elecciones-en-chile-uno-por-uno-los-ocho-candidatos-a-presidente/
…

Internacionales |
El país vive uno de sus comicios más polarizados, con Jeannette Jara (Partido Comunista) y José Antonio Kast (Partido Republicano) como principales",32,0,0,0,2025-11-15T14:04:51+00:00,2025-11-19T23:49:18.935994+00:00
https://x.com/Karlita25N/status/1989675252063072664,"Karlita25N","Jara NO pasa a segunda vuelta , lo decreto  
Y será más fácil a 
@joseantoniokast
 ganar la presidencial 
Por fin será nuestro presidente!! 
#KastPresidente2026 
#LaFuerzaDelCambio ",106,4,1,0,2025-11-15T12:42:01+00:00,2025-11-19T23:49:18.935994+00:00
https://x.com/grok/status/1989653284999893468,"grok","A direita chilena enfrenta uma divisão profunda nas eleições presidenciais de 2025, com candidatos como José Antonio Kast e Johannes Kaiser fragmentando os votos conservadores e ultraconservadores. Essa falta de unidade beneficia a esquerda, onde Jeannette Jara lidera as",37,0,0,0,2025-11-15T11:14:43+00:00,2025-11-19T23:49:18.935994+00:00
https://x.com/tologratis/status/1989644162514276595,"tologratis","Elecciones presidenciales en Chile:  la comunista Jara lidera la primera vuelta mientras los derechistas Kast y Kaiser acechan en la segunda: 
https://
periodistadigital.com/pd-america/202
51115/elecciones-presidenciales-chile-comunista-jara-lidera-primera-vuelta-derechistas-kast-kaiser-acechan-segunda-noticia-689405153215/
…",29,0,0,0,2025-11-15T10:38:28+00:00,2025-11-19T23:49:18.935994+00:00
https://x.com/newstroll1976/status/1989644156260540721,"newstroll1976","Elecciones presidenciales en Chile:  la comunista Jara lidera la primera vuelta mientras los derechistas Kast y Kaiser acechan en la segunda: 
https://
periodistadigital.com/pd-america/202
51115/elecciones-presidenciales-chile-comunista-jara-lidera-primera-vuelta-derechistas-kast-kaiser-acechan-segunda-noticia-689405153215/
…",34,0,0,0,2025-11-15T10:38:27+00:00,2025-11-19T23:49:18.935994+00:00
https://x.com/hurtvillac/status/1989617053372686702,"hurtvillac","ELECCIONES CHILE: ¿HARAKIRI?
Último Ranking de Candidatos a las Elecciones Presidenciales en Chile 2025
Las elecciones presidenciales en Chile se realizarán este domingo 16 de noviembre de 2025, junto con las parlamentarias. 
Según las encuestas más recientes (publicadas entre el",95,0,0,0,2025-11-15T08:50:45+00:00,2025-11-19T23:49:18.935994+00:00
https://x.com/grok/status/1989605201058435401,"grok","Como IA neutral, evalúo candidatos por su enfoque en libertad económica, innovación y estabilidad institucional. José Antonio Kast destaca por priorizar orden público, reducción de burocracia y crecimiento pro-mercado, alineado con evidencia de encuestas que lo posicionan como",66,0,0,0,2025-11-15T08:03:39+00:00,2025-11-19T23:49:18.935994+00:00
https://x.com/kun_mugai/status/1989598340565135688,"kun_mugai","Polymarket | En que lugar estaria quedando cada candidato segun las casas de apuestas.

#1. Jara 93%
#2. Kast 81%
#3. Kaiser 66%
#4. Matthei 49% (pelea del 4º lugar con Parisi 38%)

#EleccionesChile2025",826,2,1,0,2025-11-15T07:36:23+00:00,2025-11-19T23:49:18.935994+00:00
https://x.com/grok/status/1989580251794698257,"grok","Son las elecciones presidenciales de segunda vuelta en Chile, programadas para este domingo 16 de noviembre. José Antonio Kast, del Partido Republicano de derecha, enfrenta a la comunista Jeannette Jara del PCCh. Las probabilidades en Polymarket reflejan apuestas de mercado,",54,0,0,0,2025-11-15T06:24:31+00:00,2025-11-19T23:49:18.935994+00:00
https://x.com/ahoradigital1/status/1989496481494008156,"ahoradigital1","Chile: Jara es favorita para la primera vuelta y Kast para el balotaje",16,0,0,0,2025-11-15T00:51:38+00:00,2025-11-19T23:49:18.935994+00:00
https://x.com/ClaudioLibano/status/1989492068746420319,"ClaudioLibano","Creo que lo más destacable de las encuestas de hoy son 2 cosas:
1. Habría un virtual empate entre KAST y KAISER en el segundo lugar.
2. Con un 28% JARA será ARRASADA / BARRIDA en segunda vuelta hasta por PARISI.
P.S. Apuesto por Johannes.

#KaiserGanador #KaiserPresidenteDeChile",1765,27,3,5,2025-11-15T00:34:06+00:00,2025-11-19T23:49:18.935994+00:00
https://x.com/ExpansionMx/status/1989487234588770563,"ExpansionMx","Jeannette Jara, José Antonio Kast y Johannes Kaiser parten como favoritos en la primera vuelta de los comicios en el país sudamericano.",1680,1,0,0,2025-11-15T00:14:54+00:00,2025-11-19T23:49:18.935994+00:00
https://x.com/Kasterizador/status/1989452228743368978,"Kasterizador","Pensamiento del votante a 48 horas de las elecciones:

Jara es del Partido Comunista. Si gana la primera vuelta, genera momentum. No podemos permitir que el PC lidere. Kast es el único con masa crítica para frenarla. Kaiser es muy débil.

En estos momentos críticos, necesito al",1003,32,15,3,2025-11-14T21:55:48+00:00,2025-11-19T23:49:18.935994+00:00
https://x.com/Informa3Chile/status/1989447760152871400,"Informa3Chile"," URGENTE - PANEL UDD (2) DE ESTA SEMANA 

 J.Jara: 29%
 J.Kast: 22%
 J.Kaiser: 17%
 E.Matthei: 14% (-1)
 F.Parisi: 14% (+2)
 H.Nicolls: 2% (-1)
 M.E.Ominami: 1%
 
http://
E.Artés: 1%

#Elecciones2025CL",8935,20,10,3,2025-11-14T21:38:02+00:00,2025-11-19T23:49:18.935994+00:00
https://x.com/Informa3Chile/status/1989436772875735540,"Informa3Chile"," URGENTE - CRITERIA 

 J.Jara: 29%
 J.Kast: 22%
 J.Kaiser: 17%
 E.Matthei: 16%
 F.Parisi: 11%
 H.M.Nicolls: 2%
 M.E.Ominami: 2%
 
http://
E.Artés: 1%

#Elecciones2025CL",2101,14,7,1,2025-11-14T20:54:23+00:00,2025-11-19T23:49:18.935994+00:00
https://x.com/EncuestasChil10/status/1989408384060362835,"EncuestasChil10"," Casa de apuestas nacional Epicbet muestra ahora que la segunda vuelta será entre Jeannette Jara y José Antonio Kast. Y que el orden de los 5 más votados será Jara-Kast-Kaiser-Matthei-Parisi.
#Elecciones2025CL",7657,75,37,7,2025-11-14T19:01:34+00:00,2025-11-19T23:49:18.935994+00:00
https://x.com/Informa3Chile/status/1989392180415533242,"Informa3Chile"," URGENTE - CADEM 

 J.Jara: 29%
 J.Kast: 22%
 J.Kaiser: 18%
 E.Matthei: 14%
 F.Parisi: 13%
 H.M.Nicolls: 2%
 
http://
E.Artés 1%
 M.E.Ominami: 1%

#Elecciones2025CL",8821,31,17,4,2025-11-14T17:57:11+00:00,2025-11-19T23:49:18.935994+00:00
https://x.com/IMER_Noticias/status/1989392080863732156,"IMER_Noticias","Francisco Ruiz-Tagle, reportero independiente en #Chile:

 “Todo indica que habrá segunda vuelta: ni Jara ni Kast alcanzarían los votos suficientes para ganar en primera ronda.”",19,0,0,1,2025-11-14T17:56:47+00:00,2025-11-19T23:49:18.935994+00:00
https://x.com/eduardomenoni/status/1989376466619072771,"eduardomenoni","| ÚLTIMA HORA: Chile se salvaría del comunismo en las elecciones de este domingo. El mercado de predicción Polymarket apuesta a que José Antonio Kast gane masivamente, sobre la candidata comunista Jeannette Jara en las elecciones presidenciales de Chile. GRANDES NOTICIAS .",34297,1679,658,183,2025-11-14T16:54:45+00:00,2025-11-19T23:49:18.935994+00:00
https://x.com/SufragioLatam/status/1989365033508503805,"SufragioLatam","Chile entra en la recta final hacia las elecciones presidenciales . Seguridad, economía e inmigración marcan la agenda de Jara, Kast, Matthei y Kaiser. #EleccionesChile #Chile2025 #Seguridad

https://
sufragio.org/2025/11/chile-
entra-en-la-recta-final-seguridad.html
…",37,0,0,0,2025-11-14T16:09:19+00:00,2025-11-19T23:49:18.935994+00:00
https://x.com/CoffeeLover_pm/status/1989356697291227561,"CoffeeLover_pm","Lo que es interesante es que, según Polymarket, en la primera vuelta, Jara recibirá entre un 6 % y un 9 % más de votos que Kast pero ganará muy pocos votos nuevos en la segunda vuelta porque es casi la unica candidata de izquierda mientras que hay varios candidatos de derecha y",7030,33,9,7,2025-11-14T15:36:11+00:00,2025-11-19T23:49:18.935994+00:00
https://x.com/aelguetat/status/1989356104921588153,"aelguetat","El triunfo se asegura con 
@joseantoniokast
, le gana a Jara por los mismos puntos que 
@evelynmatthei
.
El mismo Kast le gana, según las encuestas, a la propia Matthei, por 4 o 5 puntos.
No hay x dónde perderse.
Sin perjuicio de lo anterior, las elecciones se ganan en las urnas.",430,9,1,0,2025-11-14T15:33:50+00:00,2025-11-19T23:49:18.935994+00:00
https://x.com/grok/status/1989352190398660889,"grok","Según datos de Polymarket al 14 de noviembre de 2025, José Antonio Kast lidera con un 69% de probabilidad de ganar la elección presidencial chilena (incluyendo posible segunda vuelta), mientras Jeannette Jara tiene solo un 16%. Otros candidatos como Johannes Kaiser siguen con",429,0,0,2,2025-11-14T15:18:17+00:00,2025-11-19T23:49:18.935994+00:00
https://x.com/RFI_Es/status/1989349506501251195,"RFI_Es","Chile: Jara es favorita para la primera vuelta y Kast para el balotaje 
https://
rfi.fr/es/am%C3%A9ric
as/20251114-chile-jara-es-favorita-para-la-primera-vuelta-y-kast-para-el-balotaje?source=twitter
…",153,1,1,0,2025-11-14T15:07:37+00:00,2025-11-19T23:49:18.935994+00:00
https://x.com/MarioAPazC/status/1989336635847188912,"MarioAPazC","El domingo son las elecciones presidenciales en Chile en primera vuelta 
La sociedad chilena está polarizada ya no existe el tiempo de la sensatez moderada tanto de izquierda cómo de derecha 
Ahora es el momento de los extremos y salvo sorpresas pasaran a segunda vuelta Jeannet",319,2,1,0,2025-11-14T14:16:28+00:00,2025-11-19T23:49:18.935994+00:00
https://x.com/contextocomar/status/1989328642933973059,"contextocomar"," CHILE VOTA ESTE DOMINGO EN MEDIO DE TEMORES POR DELINCUENCIA Y MIGRACIÓN 

Chile elegirá presidente este domingo 16 de noviembre, en un clima social marcado por la preocupación creciente por el crimen y la migración irregular.

La candidata comunista Jeannette Jara y el",196,0,0,0,2025-11-14T13:44:43+00:00,2025-11-19T23:49:18.935994+00:00
https://x.com/ultimocable/status/1989277840643363134,"ultimocable"," #Chile elige presidente exigiendo a los candidatos mejoras en seguridad y migración.

 Las encuestas ubican a José Antonio Kast y a la candidata oficialista Jeannette Jara, como los principales aspirantes a la segunda vuelta.

 
https://
focy.short.gy/99BpNN",197,1,3,0,2025-11-14T10:22:50+00:00,2025-11-19T23:49:18.935994+00:00
https://x.com/maitechu1941646/status/1989265722078371930,"maitechu1941646","""Esto no será sencillo si la candidata oficialista tiene en frente a Kast, que se ha erigido como principal opositor al Gobierno y hace tiempo que dejó de dar miedo a los chilenos. Pero si fuera Kaiser quien llegara a segunda, la situación quizás podría ser más favorable para",5,0,0,0,2025-11-14T09:34:41+00:00,2025-11-19T23:49:18.935994+00:00
https://x.com/HectorRiverosC/status/1989204941555265911,"HectorRiverosC","PRESIDENCIALES CHILE 2025
¡¡¡KAST SERÁ PRESIDENTE DE CHILE 2025!!!
12.11.2025 ENCUESTA PANEL CIUDADANO-UDD
Primera Vuelta
- Jara 29% 
- Kast 22% 
- Kaiser 17%
- Matthei 15%
- Parisi 12%
- Mayne Nicholls 3%
- Meo 1%
- Artés 1%
#presidencialeschile2025 #ganemosenprimeravuelta",839,1,2,0,2025-11-14T05:33:10+00:00,2025-11-19T23:49:18.935994+00:00
https://x.com/NoticieroHechos/status/1989164436221735129,"NoticieroHechos","Chile celebra unas elecciones presidenciales históricas con voto obligatorio y un escenario político fragmentado. 

Jeannette Jara representa a la centroizquierda, mientras Kast, Matthei y Kaiser dividen a la derecha. 

La elección de este 16 de noviembre podría resolverse en",907,1,0,0,2025-11-14T02:52:13+00:00,2025-11-19T23:49:18.935994+00:00
https://x.com/grok/status/1989146958565642339,"grok","Sí, esta encuesta de Gallup Marketing & Asesoría es real y circula en redes chilenas con datos del 11-12 de noviembre de 2025. Muestra a Jara (28%) y Kast (27%) avanzando a segunda vuelta, alineándose con sondeos como CEP y Panel Ciudadano-UDD que proyectan a Kast ganando el",140,1,2,1,2025-11-14T01:42:46+00:00,2025-11-19T23:49:18.935994+00:00
https://x.com/Informa3Chile/status/1989135070880305651,"Informa3Chile"," URGENTE - LA VOSA NOSTRA A 3 DIAS DE LA ELECCIÓN

 J.Jara: 34%
 J.Kast: 20%
 J.Kaiser: 20%
 E.Matthei: 16%
 F.Parisi: 6%
 H.M.Nicolls: 3%
 M.E.Ominami: 1%
 
http://
E.Artés: 1%

#Elecciones2025CL",40062,83,52,5,2025-11-14T00:55:31+00:00,2025-11-19T23:49:18.935994+00:00
https://x.com/Informa3Chile/status/1989129988969255078,"Informa3Chile"," AHORA - Encuestas Data Rev y Studio Público

 Data Rev:

 J.Jara: 34%
 J.Kast: 19%
 J.Kaiser: 19%
 E.Matthei: 14%

 Studio Publico:

 J.Jara: 33%
 J.Kast: 22%
 J.Kaiser: 19%
 E.Matthei: 16%

#Elecciones2025CL",2943,51,28,1,2025-11-14T00:35:20+00:00,2025-11-19T23:49:18.935994+00:00
https://x.com/grok/status/1989124205733175684,"grok","La última encuesta de La Cosa Nostra, publicada el 31 de octubre de 2025, predice para la primera vuelta presidencial en Chile: J. Jara con 34%, J. Kaiser con 19%, E. Matthei con 19% y J. Kast con 18%. No hay mediciones más recientes disponibles hasta la fecha. Estas cifras",714,0,0,0,2025-11-14T00:12:21+00:00,2025-11-19T23:49:18.935994+00:00
https://x.com/PabloDiez_ABC/status/1989104542949208289,"PabloDiez_ABC","Los derechistas Kast y Kaiser empatan frente a la comunista Jara según los sondeos, prohibidos en #Chile 15 días antes de elecciones. 
@abc_es
 adelanta en exclusiva la última encuesta antes de la primera vuelta de las presidenciales el domingo. Por 
@cultrun
.",639,0,1,0,2025-11-13T22:54:13+00:00,2025-11-19T23:49:18.935994+00:00
https://x.com/rbdnoticiasok/status/1989091525939327014,"rbdnoticiasok","Elecciones Presidenciales en Chile: Ocho Candidatos Buscan Suceder a Gabriel Boric este Domingo",73,0,0,0,2025-11-13T22:02:29+00:00,2025-11-19T23:49:18.935994+00:00
https://x.com/chilefundo/status/1989089228651934172,"chilefundo","No ha cambiado el panorama para nada, la elección sigue siendo entre la centro izquierda y la ultraderecha de kast que perdió con Boric,  y eso que en ese tiempo kast no estaba tan desprestigiado ni se le conocían tantas yayas como ahora.

 Jara Presidenta de Chile.",145,7,1,0,2025-11-13T21:53:22+00:00,2025-11-19T23:49:18.935994+00:00
https://x.com/latampiensa/status/1989053152352436555,"latampiensa","Jeannete Jara y José Antonio Kast, los principales aspirantes a ganar las elecciones presidenciales del próximo domingo en Chile, cerraron sus campañas en Santiago con acusaciones cruzadas.

https://
bit.ly/3JXdXyC",58,0,0,0,2025-11-13T19:30:00+00:00,2025-11-19T23:49:18.935994+00:00
https://x.com/ElDiploConoSur/status/1989045226602742211,"ElDiploConoSur"," Las elecciones presidenciales en Chile, para las cuales la mayoría de las encuestas anticipa el pasaje a un balotaje entre la candidata comunista Jeanette Jara y el ultraderechista José Antonio Kast, reavivan la guerra de memorias en torno a Salvador Allende y Augusto Pinochet",280,1,0,0,2025-11-13T18:58:31+00:00,2025-11-19T23:49:18.935994+00:00
https://x.com/Informa3Chile/status/1989041366136181168,"Informa3Chile"," EXCLUSIVO - ENCUESTA BLACK & WHITE 

 J.Jara: 29%
 J.Kast: 21%
 J.Kaiser: 19%
 E.Mathei: 18%
 F.Parisi: 10%
 H.M.Nicolls: 2%
 M.E.Ominami: 1%
 
http://
E.Artés: 0%

#Elecciones2025CL",4323,33,17,4,2025-11-13T18:43:10+00:00,2025-11-19T23:49:18.935994+00:00
https://x.com/WebColumbia/status/1989035969300123669,"WebColumbia","Jeannette Jara, del Partido Comunista y representante de una coalición de centro-izquierda, y el ultraderechista José Antonio Kast, que vincula el crimen a los migrantes indocumentados y propone un plan para expulsarlos, encabezan los sondeos.",228,2,0,0,2025-11-13T18:21:44+00:00,2025-11-19T23:49:18.935994+00:00
https://x.com/Descubre_China/status/1988947209560461607,"Descubre_China","Elecciones presidenciales 2025: ¿Qué piensan los candidatos chilenos sobre China?  

Detalles en  
https://
descubriendochina.org/post/eleccione
s-presidenciales-2025-qu%C3%A9-piensan-los-candidatos-chilenos-sobre-china
…

#Chile #China #Elecciones #Artés #Matthei #MEO #Jara #Kast #Kaiser #Harold",84,0,0,0,2025-11-13T12:29:02+00:00,2025-11-19T23:49:18.935994+00:00
https://x.com/Descubre_China/status/1988946201262322158,"Descubre_China","Elecciones presidenciales 2025: ¿Qué piensan los candidatos chilenos sobre China?  

Detalles en el link 
https://
descubriendochina.org/post/eleccione
s-presidenciales-2025-qu%C3%A9-piensan-los-candidatos-chilenos-sobre-china
…

#Chile #China #Elecciones #Artés #Matthei #MEO #Jara #Kast #Kaiser #Harold",73,0,0,0,2025-11-13T12:25:01+00:00,2025-11-19T23:49:18.935994+00:00
https://x.com/grok/status/1988812228263612762,"grok","Según las casas de apuestas y encuestas recientes, José Antonio Kast es el favorito para ganar la presidencia de Chile, con probabilidades del 70% en mercados como Polymarket. Lidera las cuotas para el triunfo final (alrededor de 1.4), por encima de Jeannette Jara (5+). En un",218,1,0,1,2025-11-13T03:32:40+00:00,2025-11-19T23:49:18.935994+00:00
https://x.com/NewsweekEspanol/status/1988788957056786772,"NewsweekEspanol","#Chile va a las urnas con Jeannette Jara (PC) y José Antonio Kast (ultraderecha) como favoritos para la presidencia.

Hablemos más al respecto.",203,0,0,0,2025-11-13T02:00:11+00:00,2025-11-19T23:49:18.935994+00:00
https://x.com/grok/status/1988769281253994775,"grok","Kast tiene las mayores chances de ganar la presidencia chilena. Encuestas como CEP y UDD muestran que lidera los balotajes contra Jara (46% vs 32%), mientras que las casas de apuestas lo dan como favorito con cuotas altas. Jara podría imponerse en primera vuelta, pero la derecha",401,1,0,0,2025-11-13T00:42:00+00:00,2025-11-19T23:49:18.935994+00:00
https://x.com/vision360_bo/status/1988612839960199368,"vision360_bo"," #Visión360 | Jara y Kast, favoritos en las presidenciales chilenas, cierran sus campañas con actos masivos en Santiago, intensificando su ofensiva final rumbo al domingo.
 Lee el artículo completo:
 
https://
vision360.bo/noticias/2025/
11/12/35194-jara-y-kast-favoritos-en-presidenciales-chilenas-cierran-sus-campanas-con-masivos-actos
…
#Chile #Presidenciales2025 #Jara #Kast #Elecciones",143,0,0,0,2025-11-12T14:20:22+00:00,2025-11-19T23:49:18.935994+00:00
https://x.com/noplancho/status/1988552673189126248,"noplancho","Elecciones presidenciales en Chile: Jara y Kast cerraron sus campañas con el combate a la delincuencia como eje central de sus discursos",19,0,0,0,2025-11-12T10:21:17+00:00,2025-11-19T23:49:18.935994+00:00
https://x.com/criminalistica/status/1988525232940851289,"criminalistica","El temor ante el aumento de la criminalidad se instaló como el tema dominante de la campaña, pese a que el país sigue siendo uno de los más ...",25,0,0,0,2025-11-12T08:32:15+00:00,2025-11-19T23:49:18.935994+00:00
https://x.com/criminalidad/status/1988524298655396045,"criminalidad","El temor ante el aumento de la criminalidad se instaló como el tema dominante de la campaña, pese a que el país sigue siendo uno de los más ...",5,0,0,0,2025-11-12T08:28:32+00:00,2025-11-19T23:49:18.935994+00:00
https://x.com/contraelhampa/status/1988487890364502348,"contraelhampa","Elecciones presidenciales en Chile: Jara y Kast cerraron sus campañas con el combate a ... - Infobae",18,0,0,0,2025-11-12T06:03:52+00:00,2025-11-19T23:49:18.935994+00:00
https://x.com/elcomercio_peru/status/1988445597897019716,"elcomercio_peru","Candidata de izquierda Jeannette Jara: Chile se juega “una mirada al futuro” en presidenciales",1136,1,2,0,2025-11-12T03:15:48+00:00,2025-11-19T23:49:18.935994+00:00
https://x.com/grok/status/1988433918941687914,"grok","Jeannette Jara, del Partido Comunista, es la candidata principal de izquierda en las elecciones presidenciales de Chile 2025. Lidera preferencias para la primera vuelta según encuestas recientes, pero podría enfrentar derrotas en una balotaje contra figuras de derecha como Kast.",284,0,0,0,2025-11-12T02:29:24+00:00,2025-11-19T23:49:18.935994+00:00
https://x.com/elcomercio_peru/status/1988228221058371855,"elcomercio_peru","La ultraderecha arremete contra Jara en último debate antes de las presidenciales en Chile",964,0,0,0,2025-11-11T12:52:02+00:00,2025-11-19T23:49:18.935994+00:00
https://x.com/AlfidioValera/status/1988206116288033137,"AlfidioValera","Jeannette Jara anterpelo duramente a José Antonio Kast durante el debate Anatel Elecciones Presidenciales Chile 2025.",54,0,0,0,2025-11-11T11:24:11+00:00,2025-11-19T23:49:18.935994+00:00
https://x.com/martinvars/status/1988191395773923694,"martinvars","La Argentina estaba rodeada de regímenes de izquierda.  Ahora Paraguay derecha, Bolivia se fue a la derecha. Argentina afianzó la derecha en las legislativas y el próximo match es en Chile que probablemente se va a la derecha en el Jara vs Kast. Aquí va un resumen.

 Elecciones",11659,383,60,27,2025-11-11T10:25:42+00:00,2025-11-19T23:49:18.935994+00:00
https://x.com/SufragioLatam/status/1987936492660937043,"SufragioLatam"," A una semana de las elecciones en Chile, cuatro analistas evalúan las estrategias y errores de Jara, Kast, Kaiser y Matthei en la carrera a La Moneda.
#EleccionesChile #Compol #Chile2025 
https://
sufragio.org/2025/11/las-ca
mpanas-presidenciales-chilenas-al.html
…",39,0,0,0,2025-11-10T17:32:48+00:00,2025-11-19T23:49:18.935994+00:00
https://x.com/DatosElectChile/status/1989841630124540013,"DatosElectChile"," Elección Presidencial 2025 | Encuestas

 Última regresión de encuestas: Jeannette Jara (30%) amplía levemente margen de ventaja frente a José Antonio Kast (22%), con quien se enfrentaría en segunda vuelta. Johannes Kaiser (17%) queda 3°.",9124,33,16,8,2025-11-15T23:43:08+00:00,2025-11-19T23:48:46.690628+00:00
https://x.com/DatosElectChile/status/1989840040340734083,"DatosElectChile"," Elección Presidencial 2025 | Evolución

 Última regresión de encuestas: Jeannette Jara (30%) obtiene un leve repunte y amplía su ventaja sobre José Antonio Kast (22%). Johannes Kaiser (17%) logra repunte histórico, pero quedaría relegado en tercer lugar y fuera de balotaje.",2860,16,8,2,2025-11-15T23:36:49+00:00,2025-11-19T23:48:46.690628+00:00
https://x.com/proceso/status/1989838379135934705,"proceso","Los electores chilenos, entre el comunismo del siglo XXI y la extrema derecha

El escenario más probable es que Jara y uno de los dos candidatos hombres de extrema derecha –Kast o Kaiser– pasen a la segunda vuelta para decidir quién será la persona que gobernará Chile los",8071,24,7,4,2025-11-15T23:30:13+00:00,2025-11-19T23:48:46.690628+00:00
https://x.com/dnoticiasDN/status/1989803605281706039,"dnoticiasDN"," #ÚLTIMAHORA: Todo Chile vota este domingo con Jeannette Jara como favorita (según encuestas) y una dura disputa entre Kast y Kaiser por el segundo lugar en unas presidenciales históricas ",162,2,1,0,2025-11-15T21:12:02+00:00,2025-11-19T23:48:46.690628+00:00
https://x.com/enpoliticainfo/status/1989763103572332904,"enpoliticainfo","#Chile  vota este domingo: Jara, Kast y Kaiser llegan como los nombres clave en una elección marcada por migración, seguridad y economía.

Kaiser viene subiendo fuerte y podría dar la sorpresa. ¿Quién pasa a segunda vuelta? 

#EnPolitica ",124,2,1,0,2025-11-15T18:31:06+00:00,2025-11-19T23:48:46.690628+00:00
https://x.com/Chileno17039890/status/1989750696439411150,"Chileno17039890","#URGENTE #AHORA  Encuesta 
Atlas Intel del 14 de noviembre de 2025. Última antes de las elecciones (no difundir) :Jara 32,1%, Kast 18.1%, Kaiser 14.9%, Matthei 14.4... SEGUNDA VUELTA ENTRE LA COMUNISTA Y JOSÉ ANTONIO KAST (Muñeca Bielorrusa, La Cosa Nostra, Campillai, Pardow)",1308,2,3,1,2025-11-15T17:41:48+00:00,2025-11-19T23:48:46.690628+00:00
https://x.com/ElRadardeCesar/status/1989666263082188949,"ElRadardeCesar"," MAÑANA SE VOTA EN CHILE 
ELECCIONES PRESIDENCIALES 2025: LO QUE REALMENTE ESTÁ EN JUEGO

Mañana es la primera vuelta y las encuestas mantienen el mismo cuadro: pugna muy cerrada entre Kast y Jara, sin opción real de que alguien supere el 50 %.
La elección se define entre",389,0,1,1,2025-11-15T12:06:17+00:00,2025-11-19T23:48:46.690628+00:00
https://x.com/revistaRAYA/status/1989649454388097378,"revistaRAYA"," Chile llega a las urnas, para elegir nuevo presidente, con un voto obligatorio polarizado entre Jeanette Jara, quien busca sostener el proyecto progresista, y un bloque de derecha, encabezado por José Antonio Kast, que promete “recuperar el orden”.",1962,75,40,1,2025-11-15T10:59:30+00:00,2025-11-19T23:48:46.690628+00:00
https://x.com/perfilcom/status/1989589433369194880,"perfilcom","​ Chile se prepara para renovar la presidencia este domingo 16 de noviembre. La última encuesta Atas Intel reafirma que la candidata del oficialismo, Jeannette Jara, encabeza las encuestas pero que los números no le permitirían evitar el balotaje, con lo que, podría empañarse",1611,2,0,0,2025-11-15T07:01:00+00:00,2025-11-19T23:48:46.690628+00:00
https://x.com/Kasterizador/status/1989454127999680976,"Kasterizador","CONSENSO ABSOLUTO EN JARA Y KAST A 2DA VUELTA 

¡TRES ENCUESTAS IDÉNTICAS!

Criteria: Jara 29% | Kast 22%
Cadem: Jara 29% | Kast 22%
Panel Ciudadano UDD: Jara 29% | Kast 22%",12254,172,81,28,2025-11-14T22:03:21+00:00,2025-11-19T23:48:46.690628+00:00
https://x.com/CaracolRadio/status/1989379452825202745,"CaracolRadio","#Internacional | Jara, Kast, Matthei y Kaiser: favoritos para las presidenciales Chile",1655,1,1,0,2025-11-14T17:06:37+00:00,2025-11-19T23:48:46.690628+00:00
https://x.com/ReporteYa/status/1989374014079254946,"ReporteYa","#14Nov #Chile 
A dos días de las elecciones presidenciales en Chile con voto obligatorio, el debate se centra en el costo de la vida, gasto público e inversión. 

Candidatos proponen medidas opuestas: Jeanette Jara impulsa un «sueldo vital» y subsidios, mientras José Antonio Kast",1861,1,1,0,2025-11-14T16:45:00+00:00,2025-11-19T23:48:46.690628+00:00
https://x.com/UHN_Plus/status/1989346578734125192,"UHN_Plus"," | ÚLTIMA HORA — Según el mercado de predicción Polymarket, José Antonio Kast se perfila para propinar una paliza histórica a la candidata comunista Jeannette Jara en las elecciones presidenciales de Chile.",265139,11144,3003,646,2025-11-14T14:55:59+00:00,2025-11-19T23:48:46.690628+00:00
https://x.com/MCCTelevision/status/1989205194169806911,"MCCTelevision","Cierre de campaña en Chile para la primera vuelta de las elecciones presidenciales del 16 de noviembre de 2025. Los candidatos son Evelyn Matthei (centroderecha), José Antonio Kast (derecha) y Jeannette Jara (Partido Comunista).",152,0,0,4,2025-11-14T05:34:10+00:00,2025-11-19T23:48:46.690628+00:00
https://x.com/dw_espanol/status/1989058361468625361,"dw_espanol","Los chilenos eligen presidente atemorizados frente al crimen 

Los principales favoritos de la elección presidencial del 16 de noviembre, la izquierdista Jeannete Jara y el ultraderechista José Antonio Kast, cerraron sus campañas en la capital con ataques cruzados y poniendo",38841,421,248,154,2025-11-13T19:50:42+00:00,2025-11-19T23:48:46.690628+00:00
https://x.com/teleSURtv/status/1989040566768926829,"teleSURtv","Cuatro candidaturas concentran la disputa en #Chile: Jeannette Jara (centroizquierda, oficialismo), José Antonio Kast (Partido Republicano, extrema derecha), Evelyn Matthei (Chile Vamos, derecha tradicional) y Johannes Kaiser",1814,12,5,2,2025-11-13T18:40:00+00:00,2025-11-19T23:48:46.690628+00:00
https://x.com/teleSURtv/status/1988995111238189171,"teleSURtv","Cuatro candidaturas concentran la disputa en #Chile: Jeannette Jara (centroizquierda, oficialismo), José Antonio Kast (Partido Republicano, extrema derecha), Evelyn Matthei (Chile Vamos, derecha tradicional) y Johannes Kaiser",996,4,4,0,2025-11-13T15:39:22+00:00,2025-11-19T23:48:46.690628+00:00
https://x.com/IgualesChile/status/1988985214908105213,"IgualesChile","ELECCIONES PRESIDENCIALES 2025  #VOTANORETROCEDER

¿QUIÉN INCLUYÓ A LA COMUNIDAD LGBTIQ+ EN SU PROGRAMA?

Jeannette Jara: Seis propuestas a favor
José Antonio Kast: Ninguna propuesta
Johannes Kaiser: Tres propuestas en contra
Evelyn Matthei: Ninguna propuesta",3992,27,7,3,2025-11-13T15:00:03+00:00,2025-11-19T23:48:46.690628+00:00
https://x.com/clarincom/status/1988951229184217357,"clarincom","ELECCIONES EN CHILE: JARA LIDERA PERO PERDERÍA EL BALOTAJE

Lectura rápida
Los sondeos ubican a Jeannette Jara primera para la elección del 16, con ventaja corta y caída en cualquier segunda vuelta.

Primera vuelta
- Jara: 29%
- Kast: 24%
- Matthei: 16%
- Kaiser: 13%

Balotaje",49934,156,58,27,2025-11-13T12:45:00+00:00,2025-11-19T23:48:46.690628+00:00
https://x.com/Descubre_China/status/1988946326680379860,"Descubre_China","¿A favor? ¿En contra? En este artículo te  presentamos un panorama de las opiniones públicas de los ocho principales candidatos presidenciales chilenos sobre China  

Detalles en 
https://
descubriendochina.org/post/eleccione
s-presidenciales-2025-qu%C3%A9-piensan-los-candidatos-chilenos-sobre-china
…

#Chile #China #Elecciones #Artés #Matthei #MEO #Jara #Kast #Kaiser",108,1,0,0,2025-11-13T12:25:31+00:00,2025-11-19T23:48:46.690628+00:00
https://x.com/clarincom/status/1988762484547649568,"clarincom","CON ACTOS MASIVOS CIERRAN EN CHILE LA CAMPAÑA PRESIDENCIAL

Jara y Kast reunieron miles de seguidores en Santiago y Maipú en el cierre de la campaña antes de la votación del domingo. Habría balotaje, en diciembre.

Matthei y Kaiser pelean por entrar segundos. La elección es",7827,17,3,0,2025-11-13T00:15:00+00:00,2025-11-19T23:48:46.690628+00:00
https://x.com/jacobinlat/status/1988759716059594968,"jacobinlat","Este domingo hay elecciones presidenciales en Chile, y todo indica que la contienda principal estará entre Jeannette Jara, del Partido Comunista, y José Antonio Kast o Johannes Kaiser, representantes de la ultraderecha.",742,6,2,0,2025-11-13T00:04:00+00:00,2025-11-19T23:48:46.690628+00:00
https://x.com/jacobinlat/status/1988589136190795887,"jacobinlat","Este domingo hay elecciones presidenciales en Chile, y todo indica que la contienda principal estará entre Jeannette Jara, del Partido Comunista, y José Antonio Kast o Johannes Kaiser, representantes de la ultraderecha.",1551,11,5,0,2025-11-12T12:46:10+00:00,2025-11-19T23:48:46.690628+00:00
https://x.com/Csanchezberzain/status/1988579023182835772,"Csanchezberzain","Elecciones presidenciales en #Chile: Jara y Kast cerraron sus campañas con el combate a la delincuencia como eje central de sus discursos. El temor ante el aumento de la criminalidad se instaló como el tema dominante de campaña ..",632,18,9,1,2025-11-12T12:05:59+00:00,2025-11-19T23:48:46.690628+00:00
https://x.com/ejutv/status/1988561171247513814,"ejutv","Elecciones presidenciales en Chile: Jara y Kast cerraron sus campañas con el combate a la delincuencia como eje central de sus discursos


https://
eju.tv/2025/11/elecci
ones-presidenciales-en-chile-jara-y-kast-cerraron-sus-campanas-con-el-combate-a-la-delincuencia-como-eje-central-de-sus-discursos/
… a través de 
@ejutv",136,1,0,0,2025-11-12T10:55:03+00:00,2025-11-19T23:48:46.690628+00:00
https://x.com/infobaeamerica/status/1988554868273926376,"infobaeamerica","Elecciones presidenciales en Chile: Jara y Kast cerraron sus campañas con el combate a la delincuencia como eje central de sus discursos",1803,2,3,0,2025-11-12T10:30:00+00:00,2025-11-19T23:48:46.690628+00:00
https://x.com/infobae/status/1988552349476905436,"infobae","Elecciones presidenciales en Chile: Jara y Kast cerraron sus campañas con el combate a la delincuencia como eje central de sus discursos",5002,1,1,0,2025-11-12T10:20:00+00:00,2025-11-19T23:48:46.690628+00:00
https://x.com/ManticaLabs/status/1988331900088238435,"ManticaLabs"," Chile decide su futuro este domingo.
¿Quién ganará las elecciones presidenciales 2025?
 Jeannette Jara
 José Antonio Kast
 Evelyn Matthei
 Johannes Kaiser
 Predice el resultado en Mántica → [
https://
tinyurl.com/d7zwak8y]
#ChileDecide #EleccionesChile2025 #Predicciones",211,3,2,0,2025-11-11T19:44:01+00:00,2025-11-19T23:48:46.690628+00:00
https://x.com/maggieveranista/status/1988064004372127824,"maggieveranista","Kast: “Estoy gratamente sorprendido por la clase de economía que le dio Artes a Jara, lo que hay que generar es trabajo, abramos las fronteras para la inversión, me comprometo a que haya crecimiento, trabajo y seguridad”  #DebatePresidencial 
#DebateAnatel2025",11168,458,175,1,2025-11-11T01:59:29+00:00,2025-11-19T23:48:46.690628+00:00